ISO-10303-21;
HEADER;
/* Generated by software containing ST-Developer
 * from STEP Tools, Inc. (www.steptools.com) 
 */

FILE_DESCRIPTION(
/* description */ (''),
/* implementation_level */ '2;1');

FILE_NAME(
/* name */ 'bottom cover.step',
/* time_stamp */ '2026-09-12T20:30:20-06:00',
/* author */ (''),
/* organization */ (''),
/* preprocessor_version */ 'ST-DEVELOPER v20.2',
/* originating_system */ 'Autodesk Translation Framework v15.15.0.0',
/* authorisation */ '');

FILE_SCHEMA (('AUTOMOTIVE_DESIGN { 1 0 10303 214 3 1 1 }'));
ENDSEC;

DATA;
#10=MECHANICAL_DESIGN_GEOMETRIC_PRESENTATION_REPRESENTATION('',(#17),#3257);
#11=ITEM_DEFINED_TRANSFORMATION($,$,#1952,#2130);
#12=(
REPRESENTATION_RELATIONSHIP($,$,#3268,#3267)
REPRESENTATION_RELATIONSHIP_WITH_TRANSFORMATION(#11)
SHAPE_REPRESENTATION_RELATIONSHIP()
);
#13=CONTEXT_DEPENDENT_SHAPE_REPRESENTATION(#12,#3266);
#14=NEXT_ASSEMBLY_USAGE_OCCURRENCE('bottom cover :1','bottom cover :1',
'bottom cover :1',#3270,#3271,'bottom cover :1');
#15=SHAPE_REPRESENTATION_RELATIONSHIP('SRR','None',#3268,#16);
#16=ADVANCED_BREP_SHAPE_REPRESENTATION('',(#18),#3256);
#17=STYLED_ITEM('',(#3284),#18);
#18=MANIFOLD_SOLID_BREP('Body1',#1938);
#19=TOROIDAL_SURFACE('',#2078,32.5,0.5);
#20=TOROIDAL_SURFACE('',#2083,32.5,0.5);
#21=TOROIDAL_SURFACE('',#2089,32.5,0.5);
#22=TOROIDAL_SURFACE('',#2096,32.5,0.5);
#23=TOROIDAL_SURFACE('',#2101,32.5,0.5);
#24=TOROIDAL_SURFACE('',#2108,32.5,0.5);
#25=FACE_BOUND('',#217,.T.);
#26=FACE_BOUND('',#218,.T.);
#27=FACE_BOUND('',#219,.T.);
#28=FACE_BOUND('',#220,.T.);
#29=FACE_BOUND('',#221,.T.);
#30=FACE_BOUND('',#222,.T.);
#31=FACE_BOUND('',#223,.T.);
#32=FACE_BOUND('',#224,.T.);
#33=FACE_BOUND('',#236,.T.);
#34=FACE_BOUND('',#248,.T.);
#35=FACE_BOUND('',#249,.T.);
#36=FACE_BOUND('',#256,.T.);
#37=FACE_BOUND('',#266,.T.);
#38=FACE_BOUND('',#313,.T.);
#39=FACE_BOUND('',#314,.T.);
#40=FACE_BOUND('',#315,.T.);
#41=FACE_BOUND('',#316,.T.);
#42=FACE_BOUND('',#317,.T.);
#43=PLANE('',#1974);
#44=PLANE('',#1975);
#45=PLANE('',#1983);
#46=PLANE('',#1984);
#47=PLANE('',#1985);
#48=PLANE('',#1986);
#49=PLANE('',#1987);
#50=PLANE('',#1988);
#51=PLANE('',#1989);
#52=PLANE('',#1994);
#53=PLANE('',#1997);
#54=PLANE('',#1998);
#55=PLANE('',#2026);
#56=PLANE('',#2030);
#57=PLANE('',#2033);
#58=PLANE('',#2034);
#59=PLANE('',#2035);
#60=PLANE('',#2036);
#61=PLANE('',#2037);
#62=PLANE('',#2041);
#63=PLANE('',#2042);
#64=PLANE('',#2043);
#65=PLANE('',#2046);
#66=PLANE('',#2047);
#67=PLANE('',#2048);
#68=PLANE('',#2049);
#69=PLANE('',#2050);
#70=PLANE('',#2051);
#71=PLANE('',#2052);
#72=PLANE('',#2053);
#73=PLANE('',#2054);
#74=PLANE('',#2055);
#75=PLANE('',#2056);
#76=PLANE('',#2057);
#77=PLANE('',#2058);
#78=PLANE('',#2059);
#79=PLANE('',#2060);
#80=PLANE('',#2061);
#81=PLANE('',#2062);
#82=PLANE('',#2063);
#83=PLANE('',#2064);
#84=PLANE('',#2065);
#85=PLANE('',#2066);
#86=PLANE('',#2068);
#87=PLANE('',#2070);
#88=PLANE('',#2072);
#89=PLANE('',#2076);
#90=PLANE('',#2081);
#91=PLANE('',#2084);
#92=PLANE('',#2085);
#93=PLANE('',#2086);
#94=PLANE('',#2087);
#95=PLANE('',#2088);
#96=PLANE('',#2094);
#97=PLANE('',#2095);
#98=PLANE('',#2100);
#99=PLANE('',#2106);
#100=PLANE('',#2107);
#101=PLANE('',#2113);
#102=PLANE('',#2114);
#103=PLANE('',#2115);
#104=PLANE('',#2117);
#105=PLANE('',#2119);
#106=PLANE('',#2121);
#107=PLANE('',#2124);
#108=PLANE('',#2125);
#109=PLANE('',#2126);
#110=PLANE('',#2127);
#111=PLANE('',#2128);
#112=PLANE('',#2129);
#113=FACE_OUTER_BOUND('',#208,.T.);
#114=FACE_OUTER_BOUND('',#209,.T.);
#115=FACE_OUTER_BOUND('',#210,.T.);
#116=FACE_OUTER_BOUND('',#211,.T.);
#117=FACE_OUTER_BOUND('',#212,.T.);
#118=FACE_OUTER_BOUND('',#213,.T.);
#119=FACE_OUTER_BOUND('',#214,.T.);
#120=FACE_OUTER_BOUND('',#215,.T.);
#121=FACE_OUTER_BOUND('',#216,.T.);
#122=FACE_OUTER_BOUND('',#225,.T.);
#123=FACE_OUTER_BOUND('',#226,.T.);
#124=FACE_OUTER_BOUND('',#227,.T.);
#125=FACE_OUTER_BOUND('',#228,.T.);
#126=FACE_OUTER_BOUND('',#229,.T.);
#127=FACE_OUTER_BOUND('',#230,.T.);
#128=FACE_OUTER_BOUND('',#231,.T.);
#129=FACE_OUTER_BOUND('',#232,.T.);
#130=FACE_OUTER_BOUND('',#233,.T.);
#131=FACE_OUTER_BOUND('',#234,.T.);
#132=FACE_OUTER_BOUND('',#235,.T.);
#133=FACE_OUTER_BOUND('',#237,.T.);
#134=FACE_OUTER_BOUND('',#238,.T.);
#135=FACE_OUTER_BOUND('',#239,.T.);
#136=FACE_OUTER_BOUND('',#240,.T.);
#137=FACE_OUTER_BOUND('',#241,.T.);
#138=FACE_OUTER_BOUND('',#242,.T.);
#139=FACE_OUTER_BOUND('',#243,.T.);
#140=FACE_OUTER_BOUND('',#244,.T.);
#141=FACE_OUTER_BOUND('',#245,.T.);
#142=FACE_OUTER_BOUND('',#246,.T.);
#143=FACE_OUTER_BOUND('',#247,.T.);
#144=FACE_OUTER_BOUND('',#250,.T.);
#145=FACE_OUTER_BOUND('',#251,.T.);
#146=FACE_OUTER_BOUND('',#252,.T.);
#147=FACE_OUTER_BOUND('',#253,.T.);
#148=FACE_OUTER_BOUND('',#254,.T.);
#149=FACE_OUTER_BOUND('',#255,.T.);
#150=FACE_OUTER_BOUND('',#257,.T.);
#151=FACE_OUTER_BOUND('',#258,.T.);
#152=FACE_OUTER_BOUND('',#259,.T.);
#153=FACE_OUTER_BOUND('',#260,.T.);
#154=FACE_OUTER_BOUND('',#261,.T.);
#155=FACE_OUTER_BOUND('',#262,.T.);
#156=FACE_OUTER_BOUND('',#263,.T.);
#157=FACE_OUTER_BOUND('',#264,.T.);
#158=FACE_OUTER_BOUND('',#265,.T.);
#159=FACE_OUTER_BOUND('',#267,.T.);
#160=FACE_OUTER_BOUND('',#268,.T.);
#161=FACE_OUTER_BOUND('',#269,.T.);
#162=FACE_OUTER_BOUND('',#270,.T.);
#163=FACE_OUTER_BOUND('',#271,.T.);
#164=FACE_OUTER_BOUND('',#272,.T.);
#165=FACE_OUTER_BOUND('',#273,.T.);
#166=FACE_OUTER_BOUND('',#274,.T.);
#167=FACE_OUTER_BOUND('',#275,.T.);
#168=FACE_OUTER_BOUND('',#276,.T.);
#169=FACE_OUTER_BOUND('',#277,.T.);
#170=FACE_OUTER_BOUND('',#278,.T.);
#171=FACE_OUTER_BOUND('',#279,.T.);
#172=FACE_OUTER_BOUND('',#280,.T.);
#173=FACE_OUTER_BOUND('',#281,.T.);
#174=FACE_OUTER_BOUND('',#282,.T.);
#175=FACE_OUTER_BOUND('',#283,.T.);
#176=FACE_OUTER_BOUND('',#284,.T.);
#177=FACE_OUTER_BOUND('',#285,.T.);
#178=FACE_OUTER_BOUND('',#286,.T.);
#179=FACE_OUTER_BOUND('',#287,.T.);
#180=FACE_OUTER_BOUND('',#288,.T.);
#181=FACE_OUTER_BOUND('',#289,.T.);
#182=FACE_OUTER_BOUND('',#290,.T.);
#183=FACE_OUTER_BOUND('',#291,.T.);
#184=FACE_OUTER_BOUND('',#292,.T.);
#185=FACE_OUTER_BOUND('',#293,.T.);
#186=FACE_OUTER_BOUND('',#294,.T.);
#187=FACE_OUTER_BOUND('',#295,.T.);
#188=FACE_OUTER_BOUND('',#296,.T.);
#189=FACE_OUTER_BOUND('',#297,.T.);
#190=FACE_OUTER_BOUND('',#298,.T.);
#191=FACE_OUTER_BOUND('',#299,.T.);
#192=FACE_OUTER_BOUND('',#300,.T.);
#193=FACE_OUTER_BOUND('',#301,.T.);
#194=FACE_OUTER_BOUND('',#302,.T.);
#195=FACE_OUTER_BOUND('',#303,.T.);
#196=FACE_OUTER_BOUND('',#304,.T.);
#197=FACE_OUTER_BOUND('',#305,.T.);
#198=FACE_OUTER_BOUND('',#306,.T.);
#199=FACE_OUTER_BOUND('',#307,.T.);
#200=FACE_OUTER_BOUND('',#308,.T.);
#201=FACE_OUTER_BOUND('',#309,.T.);
#202=FACE_OUTER_BOUND('',#310,.T.);
#203=FACE_OUTER_BOUND('',#311,.T.);
#204=FACE_OUTER_BOUND('',#312,.T.);
#205=FACE_OUTER_BOUND('',#318,.T.);
#206=FACE_OUTER_BOUND('',#319,.T.);
#207=FACE_OUTER_BOUND('',#320,.T.);
#208=EDGE_LOOP('',(#1264,#1265,#1266,#1267));
#209=EDGE_LOOP('',(#1268,#1269,#1270,#1271));
#210=EDGE_LOOP('',(#1272,#1273,#1274,#1275));
#211=EDGE_LOOP('',(#1276,#1277,#1278,#1279));
#212=EDGE_LOOP('',(#1280,#1281,#1282,#1283));
#213=EDGE_LOOP('',(#1284,#1285,#1286,#1287));
#214=EDGE_LOOP('',(#1288,#1289,#1290,#1291));
#215=EDGE_LOOP('',(#1292,#1293,#1294,#1295));
#216=EDGE_LOOP('',(#1296,#1297,#1298,#1299,#1300,#1301,#1302,#1303,#1304,
#1305,#1306,#1307,#1308,#1309));
#217=EDGE_LOOP('',(#1310));
#218=EDGE_LOOP('',(#1311));
#219=EDGE_LOOP('',(#1312));
#220=EDGE_LOOP('',(#1313));
#221=EDGE_LOOP('',(#1314,#1315,#1316,#1317,#1318));
#222=EDGE_LOOP('',(#1319));
#223=EDGE_LOOP('',(#1320));
#224=EDGE_LOOP('',(#1321));
#225=EDGE_LOOP('',(#1322,#1323,#1324,#1325));
#226=EDGE_LOOP('',(#1326,#1327,#1328,#1329));
#227=EDGE_LOOP('',(#1330,#1331,#1332,#1333));
#228=EDGE_LOOP('',(#1334,#1335,#1336,#1337));
#229=EDGE_LOOP('',(#1338,#1339,#1340,#1341));
#230=EDGE_LOOP('',(#1342,#1343,#1344,#1345,#1346,#1347,#1348,#1349));
#231=EDGE_LOOP('',(#1350,#1351,#1352,#1353,#1354,#1355,#1356,#1357,#1358));
#232=EDGE_LOOP('',(#1359,#1360,#1361,#1362));
#233=EDGE_LOOP('',(#1363,#1364,#1365,#1366));
#234=EDGE_LOOP('',(#1367,#1368,#1369,#1370));
#235=EDGE_LOOP('',(#1371,#1372,#1373,#1374,#1375,#1376,#1377,#1378,#1379,
#1380,#1381,#1382,#1383));
#236=EDGE_LOOP('',(#1384));
#237=EDGE_LOOP('',(#1385,#1386,#1387,#1388,#1389,#1390,#1391,#1392,#1393,
#1394,#1395,#1396,#1397,#1398,#1399,#1400,#1401,#1402,#1403,#1404,#1405,
#1406,#1407,#1408,#1409,#1410,#1411,#1412,#1413,#1414,#1415,#1416,#1417,
#1418,#1419,#1420,#1421,#1422,#1423,#1424,#1425,#1426,#1427,#1428,#1429,
#1430,#1431,#1432,#1433,#1434,#1435,#1436,#1437,#1438,#1439,#1440));
#238=EDGE_LOOP('',(#1441,#1442,#1443,#1444));
#239=EDGE_LOOP('',(#1445,#1446,#1447,#1448));
#240=EDGE_LOOP('',(#1449,#1450,#1451,#1452));
#241=EDGE_LOOP('',(#1453,#1454,#1455,#1456));
#242=EDGE_LOOP('',(#1457,#1458,#1459,#1460));
#243=EDGE_LOOP('',(#1461,#1462,#1463,#1464));
#244=EDGE_LOOP('',(#1465,#1466,#1467,#1468));
#245=EDGE_LOOP('',(#1469,#1470,#1471,#1472));
#246=EDGE_LOOP('',(#1473,#1474,#1475,#1476));
#247=EDGE_LOOP('',(#1477,#1478,#1479,#1480,#1481,#1482,#1483,#1484,#1485,
#1486,#1487,#1488,#1489,#1490,#1491,#1492,#1493,#1494,#1495,#1496));
#248=EDGE_LOOP('',(#1497));
#249=EDGE_LOOP('',(#1498));
#250=EDGE_LOOP('',(#1499,#1500,#1501,#1502));
#251=EDGE_LOOP('',(#1503,#1504,#1505,#1506));
#252=EDGE_LOOP('',(#1507,#1508,#1509,#1510));
#253=EDGE_LOOP('',(#1511,#1512,#1513,#1514));
#254=EDGE_LOOP('',(#1515,#1516,#1517,#1518));
#255=EDGE_LOOP('',(#1519,#1520,#1521,#1522,#1523,#1524,#1525,#1526));
#256=EDGE_LOOP('',(#1527,#1528,#1529,#1530));
#257=EDGE_LOOP('',(#1531,#1532,#1533,#1534,#1535));
#258=EDGE_LOOP('',(#1536,#1537,#1538,#1539));
#259=EDGE_LOOP('',(#1540,#1541,#1542,#1543,#1544));
#260=EDGE_LOOP('',(#1545,#1546,#1547,#1548));
#261=EDGE_LOOP('',(#1549,#1550,#1551,#1552));
#262=EDGE_LOOP('',(#1553,#1554,#1555,#1556));
#263=EDGE_LOOP('',(#1557,#1558,#1559,#1560));
#264=EDGE_LOOP('',(#1561,#1562,#1563,#1564));
#265=EDGE_LOOP('',(#1565,#1566,#1567,#1568));
#266=EDGE_LOOP('',(#1569,#1570,#1571,#1572));
#267=EDGE_LOOP('',(#1573,#1574,#1575,#1576));
#268=EDGE_LOOP('',(#1577,#1578,#1579,#1580));
#269=EDGE_LOOP('',(#1581,#1582,#1583,#1584,#1585,#1586,#1587,#1588));
#270=EDGE_LOOP('',(#1589,#1590,#1591,#1592,#1593));
#271=EDGE_LOOP('',(#1594,#1595,#1596,#1597,#1598));
#272=EDGE_LOOP('',(#1599,#1600,#1601,#1602,#1603,#1604,#1605));
#273=EDGE_LOOP('',(#1606,#1607,#1608,#1609,#1610,#1611,#1612));
#274=EDGE_LOOP('',(#1613,#1614,#1615,#1616));
#275=EDGE_LOOP('',(#1617,#1618,#1619,#1620));
#276=EDGE_LOOP('',(#1621,#1622,#1623,#1624));
#277=EDGE_LOOP('',(#1625,#1626,#1627,#1628,#1629));
#278=EDGE_LOOP('',(#1630,#1631,#1632,#1633));
#279=EDGE_LOOP('',(#1634,#1635,#1636,#1637,#1638));
#280=EDGE_LOOP('',(#1639,#1640,#1641,#1642));
#281=EDGE_LOOP('',(#1643,#1644,#1645,#1646,#1647));
#282=EDGE_LOOP('',(#1648,#1649,#1650,#1651));
#283=EDGE_LOOP('',(#1652,#1653,#1654,#1655));
#284=EDGE_LOOP('',(#1656,#1657,#1658,#1659,#1660));
#285=EDGE_LOOP('',(#1661,#1662,#1663,#1664));
#286=EDGE_LOOP('',(#1665,#1666,#1667,#1668));
#287=EDGE_LOOP('',(#1669,#1670,#1671,#1672,#1673,#1674));
#288=EDGE_LOOP('',(#1675,#1676,#1677,#1678,#1679,#1680,#1681,#1682,#1683,
#1684,#1685,#1686));
#289=EDGE_LOOP('',(#1687,#1688,#1689,#1690,#1691));
#290=EDGE_LOOP('',(#1692,#1693,#1694,#1695));
#291=EDGE_LOOP('',(#1696,#1697,#1698,#1699));
#292=EDGE_LOOP('',(#1700,#1701,#1702,#1703));
#293=EDGE_LOOP('',(#1704,#1705,#1706,#1707,#1708));
#294=EDGE_LOOP('',(#1709,#1710,#1711,#1712));
#295=EDGE_LOOP('',(#1713,#1714,#1715,#1716,#1717));
#296=EDGE_LOOP('',(#1718,#1719,#1720,#1721));
#297=EDGE_LOOP('',(#1722,#1723,#1724,#1725,#1726));
#298=EDGE_LOOP('',(#1727,#1728,#1729,#1730,#1731));
#299=EDGE_LOOP('',(#1732,#1733,#1734,#1735));
#300=EDGE_LOOP('',(#1736,#1737,#1738,#1739));
#301=EDGE_LOOP('',(#1740,#1741,#1742,#1743,#1744));
#302=EDGE_LOOP('',(#1745,#1746,#1747,#1748,#1749));
#303=EDGE_LOOP('',(#1750,#1751,#1752,#1753));
#304=EDGE_LOOP('',(#1754,#1755,#1756,#1757,#1758));
#305=EDGE_LOOP('',(#1759,#1760,#1761,#1762));
#306=EDGE_LOOP('',(#1763,#1764,#1765,#1766,#1767));
#307=EDGE_LOOP('',(#1768,#1769,#1770,#1771));
#308=EDGE_LOOP('',(#1772,#1773,#1774,#1775,#1776));
#309=EDGE_LOOP('',(#1777,#1778,#1779,#1780));
#310=EDGE_LOOP('',(#1781,#1782,#1783,#1784));
#311=EDGE_LOOP('',(#1785,#1786,#1787,#1788,#1789,#1790));
#312=EDGE_LOOP('',(#1791,#1792,#1793,#1794,#1795,#1796,#1797,#1798,#1799,
#1800));
#313=EDGE_LOOP('',(#1801,#1802,#1803,#1804,#1805));
#314=EDGE_LOOP('',(#1806));
#315=EDGE_LOOP('',(#1807));
#316=EDGE_LOOP('',(#1808));
#317=EDGE_LOOP('',(#1809));
#318=EDGE_LOOP('',(#1810,#1811,#1812,#1813));
#319=EDGE_LOOP('',(#1814,#1815,#1816,#1817));
#320=EDGE_LOOP('',(#1818,#1819,#1820,#1821,#1822,#1823));
#321=LINE('',#2695,#519);
#322=LINE('',#2701,#520);
#323=LINE('',#2707,#521);
#324=LINE('',#2713,#522);
#325=LINE('',#2719,#523);
#326=LINE('',#2725,#524);
#327=LINE('',#2731,#525);
#328=LINE('',#2736,#526);
#329=LINE('',#2738,#527);
#330=LINE('',#2740,#528);
#331=LINE('',#2741,#529);
#332=LINE('',#2745,#530);
#333=LINE('',#2747,#531);
#334=LINE('',#2751,#532);
#335=LINE('',#2755,#533);
#336=LINE('',#2759,#534);
#337=LINE('',#2763,#535);
#338=LINE('',#2767,#536);
#339=LINE('',#2770,#537);
#340=LINE('',#2773,#538);
#341=LINE('',#2775,#539);
#342=LINE('',#2777,#540);
#343=LINE('',#2779,#541);
#344=LINE('',#2783,#542);
#345=LINE('',#2785,#543);
#346=LINE('',#2786,#544);
#347=LINE('',#2790,#545);
#348=LINE('',#2791,#546);
#349=LINE('',#2792,#547);
#350=LINE('',#2796,#548);
#351=LINE('',#2797,#549);
#352=LINE('',#2798,#550);
#353=LINE('',#2801,#551);
#354=LINE('',#2802,#552);
#355=LINE('',#2805,#553);
#356=LINE('',#2806,#554);
#357=LINE('',#2808,#555);
#358=LINE('',#2809,#556);
#359=LINE('',#2818,#557);
#360=LINE('',#2819,#558);
#361=LINE('',#2825,#559);
#362=LINE('',#2828,#560);
#363=LINE('',#2832,#561);
#364=LINE('',#2833,#562);
#365=LINE('',#2834,#563);
#366=LINE('',#2840,#564);
#367=LINE('',#2844,#565);
#368=LINE('',#2848,#566);
#369=LINE('',#2852,#567);
#370=LINE('',#2856,#568);
#371=LINE('',#2860,#569);
#372=LINE('',#2861,#570);
#373=LINE('',#2864,#571);
#374=LINE('',#2868,#572);
#375=LINE('',#2872,#573);
#376=LINE('',#2875,#574);
#377=LINE('',#2877,#575);
#378=LINE('',#2880,#576);
#379=LINE('',#2882,#577);
#380=LINE('',#2885,#578);
#381=LINE('',#2887,#579);
#382=LINE('',#2891,#580);
#383=LINE('',#2894,#581);
#384=LINE('',#2896,#582);
#385=LINE('',#2900,#583);
#386=LINE('',#2904,#584);
#387=LINE('',#2908,#585);
#388=LINE('',#2912,#586);
#389=LINE('',#2916,#587);
#390=LINE('',#2920,#588);
#391=LINE('',#2924,#589);
#392=LINE('',#2927,#590);
#393=LINE('',#2930,#591);
#394=LINE('',#2932,#592);
#395=LINE('',#2935,#593);
#396=LINE('',#2938,#594);
#397=LINE('',#2943,#595);
#398=LINE('',#2944,#596);
#399=LINE('',#2949,#597);
#400=LINE('',#2950,#598);
#401=LINE('',#2955,#599);
#402=LINE('',#2956,#600);
#403=LINE('',#2960,#601);
#404=LINE('',#2961,#602);
#405=LINE('',#2962,#603);
#406=LINE('',#2966,#604);
#407=LINE('',#2968,#605);
#408=LINE('',#2970,#606);
#409=LINE('',#2973,#607);
#410=LINE('',#2977,#608);
#411=LINE('',#2978,#609);
#412=LINE('',#2980,#610);
#413=LINE('',#2983,#611);
#414=LINE('',#2985,#612);
#415=LINE('',#2988,#613);
#416=LINE('',#2990,#614);
#417=LINE('',#2993,#615);
#418=LINE('',#2995,#616);
#419=LINE('',#2997,#617);
#420=LINE('',#2999,#618);
#421=LINE('',#3001,#619);
#422=LINE('',#3002,#620);
#423=LINE('',#3005,#621);
#424=LINE('',#3007,#622);
#425=LINE('',#3008,#623);
#426=LINE('',#3011,#624);
#427=LINE('',#3012,#625);
#428=LINE('',#3016,#626);
#429=LINE('',#3017,#627);
#430=LINE('',#3018,#628);
#431=LINE('',#3022,#629);
#432=LINE('',#3025,#630);
#433=LINE('',#3027,#631);
#434=LINE('',#3029,#632);
#435=LINE('',#3031,#633);
#436=LINE('',#3032,#634);
#437=LINE('',#3034,#635);
#438=LINE('',#3036,#636);
#439=LINE('',#3037,#637);
#440=LINE('',#3040,#638);
#441=LINE('',#3042,#639);
#442=LINE('',#3044,#640);
#443=LINE('',#3045,#641);
#444=LINE('',#3048,#642);
#445=LINE('',#3050,#643);
#446=LINE('',#3051,#644);
#447=LINE('',#3054,#645);
#448=LINE('',#3055,#646);
#449=LINE('',#3058,#647);
#450=LINE('',#3059,#648);
#451=LINE('',#3062,#649);
#452=LINE('',#3064,#650);
#453=LINE('',#3065,#651);
#454=LINE('',#3068,#652);
#455=LINE('',#3069,#653);
#456=LINE('',#3072,#654);
#457=LINE('',#3073,#655);
#458=LINE('',#3075,#656);
#459=LINE('',#3077,#657);
#460=LINE('',#3082,#658);
#461=LINE('',#3084,#659);
#462=LINE('',#3086,#660);
#463=LINE('',#3087,#661);
#464=LINE('',#3090,#662);
#465=LINE('',#3092,#663);
#466=LINE('',#3093,#664);
#467=LINE('',#3096,#665);
#468=LINE('',#3097,#666);
#469=LINE('',#3099,#667);
#470=LINE('',#3100,#668);
#471=LINE('',#3102,#669);
#472=LINE('',#3104,#670);
#473=LINE('',#3105,#671);
#474=LINE('',#3107,#672);
#475=LINE('',#3109,#673);
#476=LINE('',#3110,#674);
#477=LINE('',#3113,#675);
#478=LINE('',#3114,#676);
#479=LINE('',#3117,#677);
#480=LINE('',#3118,#678);
#481=LINE('',#3120,#679);
#482=LINE('',#3122,#680);
#483=LINE('',#3127,#681);
#484=LINE('',#3128,#682);
#485=LINE('',#3132,#683);
#486=LINE('',#3137,#684);
#487=LINE('',#3138,#685);
#488=LINE('',#3142,#686);
#489=LINE('',#3146,#687);
#490=LINE('',#3153,#688);
#491=LINE('',#3160,#689);
#492=LINE('',#3162,#690);
#493=LINE('',#3164,#691);
#494=LINE('',#3165,#692);
#495=LINE('',#3167,#693);
#496=LINE('',#3168,#694);
#497=LINE('',#3170,#695);
#498=LINE('',#3171,#696);
#499=LINE('',#3173,#697);
#500=LINE('',#3185,#698);
#501=LINE('',#3186,#699);
#502=LINE('',#3188,#700);
#503=LINE('',#3196,#701);
#504=LINE('',#3207,#702);
#505=LINE('',#3208,#703);
#506=LINE('',#3211,#704);
#507=LINE('',#3212,#705);
#508=LINE('',#3223,#706);
#509=LINE('',#3224,#707);
#510=LINE('',#3226,#708);
#511=LINE('',#3228,#709);
#512=LINE('',#3231,#710);
#513=LINE('',#3234,#711);
#514=LINE('',#3238,#712);
#515=LINE('',#3239,#713);
#516=LINE('',#3245,#714);
#517=LINE('',#3246,#715);
#518=LINE('',#3249,#716);
#519=VECTOR('',#2139,1.3);
#520=VECTOR('',#2146,1.3);
#521=VECTOR('',#2153,1.3);
#522=VECTOR('',#2160,1.9);
#523=VECTOR('',#2167,1.9);
#524=VECTOR('',#2174,1.9);
#525=VECTOR('',#2181,1.9);
#526=VECTOR('',#2186,10.);
#527=VECTOR('',#2187,10.);
#528=VECTOR('',#2188,10.);
#529=VECTOR('',#2189,10.);
#530=VECTOR('',#2192,10.);
#531=VECTOR('',#2193,10.);
#532=VECTOR('',#2196,10.);
#533=VECTOR('',#2199,10.);
#534=VECTOR('',#2202,10.);
#535=VECTOR('',#2205,10.);
#536=VECTOR('',#2208,10.);
#537=VECTOR('',#2211,10.);
#538=VECTOR('',#2212,10.);
#539=VECTOR('',#2213,10.);
#540=VECTOR('',#2214,10.);
#541=VECTOR('',#2215,10.);
#542=VECTOR('',#2220,10.);
#543=VECTOR('',#2221,10.);
#544=VECTOR('',#2222,10.);
#545=VECTOR('',#2225,10.);
#546=VECTOR('',#2226,10.);
#547=VECTOR('',#2227,10.);
#548=VECTOR('',#2230,10.);
#549=VECTOR('',#2231,10.);
#550=VECTOR('',#2232,10.);
#551=VECTOR('',#2235,10.);
#552=VECTOR('',#2236,10.);
#553=VECTOR('',#2239,10.);
#554=VECTOR('',#2240,10.);
#555=VECTOR('',#2243,10.);
#556=VECTOR('',#2244,10.);
#557=VECTOR('',#2255,10.);
#558=VECTOR('',#2256,10.);
#559=VECTOR('',#2261,10.);
#560=VECTOR('',#2264,10.);
#561=VECTOR('',#2267,10.);
#562=VECTOR('',#2268,10.);
#563=VECTOR('',#2269,10.);
#564=VECTOR('',#2274,10.);
#565=VECTOR('',#2277,10.);
#566=VECTOR('',#2280,10.);
#567=VECTOR('',#2283,10.);
#568=VECTOR('',#2286,10.);
#569=VECTOR('',#2289,10.);
#570=VECTOR('',#2290,10.);
#571=VECTOR('',#2293,32.0368545767106);
#572=VECTOR('',#2296,10.);
#573=VECTOR('',#2299,10.);
#574=VECTOR('',#2302,10.);
#575=VECTOR('',#2303,10.);
#576=VECTOR('',#2306,10.);
#577=VECTOR('',#2307,10.);
#578=VECTOR('',#2310,10.);
#579=VECTOR('',#2311,10.);
#580=VECTOR('',#2314,10.);
#581=VECTOR('',#2317,10.);
#582=VECTOR('',#2318,10.);
#583=VECTOR('',#2321,10.);
#584=VECTOR('',#2324,10.);
#585=VECTOR('',#2327,10.);
#586=VECTOR('',#2330,10.);
#587=VECTOR('',#2333,10.);
#588=VECTOR('',#2336,10.);
#589=VECTOR('',#2339,10.);
#590=VECTOR('',#2342,10.);
#591=VECTOR('',#2345,10.);
#592=VECTOR('',#2346,10.);
#593=VECTOR('',#2349,10.);
#594=VECTOR('',#2352,10.);
#595=VECTOR('',#2357,10.);
#596=VECTOR('',#2358,10.);
#597=VECTOR('',#2363,10.);
#598=VECTOR('',#2364,10.);
#599=VECTOR('',#2369,10.);
#600=VECTOR('',#2370,10.);
#601=VECTOR('',#2373,10.);
#602=VECTOR('',#2374,10.);
#603=VECTOR('',#2375,10.);
#604=VECTOR('',#2380,10.);
#605=VECTOR('',#2383,10.);
#606=VECTOR('',#2386,10.);
#607=VECTOR('',#2391,10.);
#608=VECTOR('',#2394,10.);
#609=VECTOR('',#2395,10.);
#610=VECTOR('',#2396,10.);
#611=VECTOR('',#2399,10.);
#612=VECTOR('',#2400,10.);
#613=VECTOR('',#2403,10.);
#614=VECTOR('',#2404,10.);
#615=VECTOR('',#2407,10.);
#616=VECTOR('',#2408,10.);
#617=VECTOR('',#2409,10.);
#618=VECTOR('',#2410,10.);
#619=VECTOR('',#2411,10.);
#620=VECTOR('',#2412,10.);
#621=VECTOR('',#2415,10.);
#622=VECTOR('',#2416,10.);
#623=VECTOR('',#2417,10.);
#624=VECTOR('',#2420,10.);
#625=VECTOR('',#2421,10.);
#626=VECTOR('',#2424,10.);
#627=VECTOR('',#2425,10.);
#628=VECTOR('',#2426,10.);
#629=VECTOR('',#2433,10.);
#630=VECTOR('',#2436,10.);
#631=VECTOR('',#2437,10.);
#632=VECTOR('',#2438,10.);
#633=VECTOR('',#2439,10.);
#634=VECTOR('',#2440,10.);
#635=VECTOR('',#2441,10.);
#636=VECTOR('',#2442,10.);
#637=VECTOR('',#2443,10.);
#638=VECTOR('',#2444,10.);
#639=VECTOR('',#2445,10.);
#640=VECTOR('',#2446,10.);
#641=VECTOR('',#2447,10.);
#642=VECTOR('',#2450,10.);
#643=VECTOR('',#2451,10.);
#644=VECTOR('',#2452,10.);
#645=VECTOR('',#2455,10.);
#646=VECTOR('',#2456,10.);
#647=VECTOR('',#2459,10.);
#648=VECTOR('',#2460,10.);
#649=VECTOR('',#2463,10.);
#650=VECTOR('',#2464,10.);
#651=VECTOR('',#2465,10.);
#652=VECTOR('',#2468,10.);
#653=VECTOR('',#2469,10.);
#654=VECTOR('',#2472,10.);
#655=VECTOR('',#2473,10.);
#656=VECTOR('',#2476,10.);
#657=VECTOR('',#2479,10.);
#658=VECTOR('',#2484,10.);
#659=VECTOR('',#2485,10.);
#660=VECTOR('',#2486,10.);
#661=VECTOR('',#2487,10.);
#662=VECTOR('',#2490,10.);
#663=VECTOR('',#2491,10.);
#664=VECTOR('',#2492,10.);
#665=VECTOR('',#2495,10.);
#666=VECTOR('',#2496,10.);
#667=VECTOR('',#2497,10.);
#668=VECTOR('',#2498,10.);
#669=VECTOR('',#2501,10.);
#670=VECTOR('',#2502,10.);
#671=VECTOR('',#2503,10.);
#672=VECTOR('',#2506,10.);
#673=VECTOR('',#2507,10.);
#674=VECTOR('',#2508,10.);
#675=VECTOR('',#2511,10.);
#676=VECTOR('',#2512,10.);
#677=VECTOR('',#2515,10.);
#678=VECTOR('',#2516,10.);
#679=VECTOR('',#2519,10.);
#680=VECTOR('',#2522,10.);
#681=VECTOR('',#2527,10.);
#682=VECTOR('',#2528,10.);
#683=VECTOR('',#2533,10.);
#684=VECTOR('',#2538,10.);
#685=VECTOR('',#2539,10.);
#686=VECTOR('',#2544,10.);
#687=VECTOR('',#2549,10.);
#688=VECTOR('',#2560,10.);
#689=VECTOR('',#2569,10.);
#690=VECTOR('',#2570,10.);
#691=VECTOR('',#2571,10.);
#692=VECTOR('',#2572,10.);
#693=VECTOR('',#2575,10.);
#694=VECTOR('',#2576,10.);
#695=VECTOR('',#2579,10.);
#696=VECTOR('',#2580,10.);
#697=VECTOR('',#2583,10.);
#698=VECTOR('',#2598,10.);
#699=VECTOR('',#2599,10.);
#700=VECTOR('',#2602,10.);
#701=VECTOR('',#2613,10.);
#702=VECTOR('',#2626,10.);
#703=VECTOR('',#2627,10.);
#704=VECTOR('',#2630,10.);
#705=VECTOR('',#2631,10.);
#706=VECTOR('',#2644,10.);
#707=VECTOR('',#2645,10.);
#708=VECTOR('',#2648,10.);
#709=VECTOR('',#2651,10.);
#710=VECTOR('',#2656,10.);
#711=VECTOR('',#2661,10.);
#712=VECTOR('',#2666,10.);
#713=VECTOR('',#2667,10.);
#714=VECTOR('',#2678,10.);
#715=VECTOR('',#2679,10.);
#716=VECTOR('',#2684,10.);
#717=CIRCLE('',#1954,1.3);
#718=CIRCLE('',#1955,1.3);
#719=CIRCLE('',#1957,1.3);
#720=CIRCLE('',#1958,1.3);
#721=CIRCLE('',#1960,1.3);
#722=CIRCLE('',#1961,1.3);
#723=CIRCLE('',#1963,1.9);
#724=CIRCLE('',#1964,1.9);
#725=CIRCLE('',#1966,1.9);
#726=CIRCLE('',#1967,1.9);
#727=CIRCLE('',#1969,1.9);
#728=CIRCLE('',#1970,1.9);
#729=CIRCLE('',#1972,1.9);
#730=CIRCLE('',#1973,1.9);
#731=CIRCLE('',#1976,32.0368545767106);
#732=CIRCLE('',#1977,2.);
#733=CIRCLE('',#1978,32.0368545767106);
#734=CIRCLE('',#1979,2.);
#735=CIRCLE('',#1980,32.0368545767106);
#736=CIRCLE('',#1981,32.0368545767106);
#737=CIRCLE('',#1982,31.0368545767385);
#738=CIRCLE('',#1990,32.0368545767106);
#739=CIRCLE('',#1991,32.0368545767106);
#740=CIRCLE('',#1993,2.);
#741=CIRCLE('',#1995,32.0368545767106);
#742=CIRCLE('',#1996,32.5);
#743=CIRCLE('',#1999,30.);
#744=CIRCLE('',#2000,32.0368545767106);
#745=CIRCLE('',#2001,33.);
#746=CIRCLE('',#2002,32.0368545767106);
#747=CIRCLE('',#2003,33.);
#748=CIRCLE('',#2004,32.0368545767106);
#749=CIRCLE('',#2006,32.0368545767106);
#750=CIRCLE('',#2007,32.0368545767106);
#751=CIRCLE('',#2008,32.0368545767106);
#752=CIRCLE('',#2009,32.0368545767106);
#753=CIRCLE('',#2010,32.0368545767106);
#754=CIRCLE('',#2011,32.0368545767106);
#755=CIRCLE('',#2012,32.0368545767106);
#756=CIRCLE('',#2013,32.0368545767106);
#757=CIRCLE('',#2014,32.0368545767106);
#758=CIRCLE('',#2015,32.0368545767106);
#759=CIRCLE('',#2016,32.0368545767106);
#760=CIRCLE('',#2017,32.0368545767106);
#761=CIRCLE('',#2018,32.0368545767106);
#762=CIRCLE('',#2019,32.0368545767106);
#763=CIRCLE('',#2020,32.0368545767106);
#764=CIRCLE('',#2021,32.0368545767106);
#765=CIRCLE('',#2022,32.0368545767106);
#766=CIRCLE('',#2023,32.0368545767106);
#767=CIRCLE('',#2025,30.);
#768=CIRCLE('',#2027,34.0368545767106);
#769=CIRCLE('',#2029,34.0368545767106);
#770=CIRCLE('',#2032,2.);
#771=CIRCLE('',#2038,33.);
#772=CIRCLE('',#2039,33.);
#773=CIRCLE('',#2040,33.);
#774=CIRCLE('',#2045,31.0368545767385);
#775=CIRCLE('',#2067,32.5);
#776=CIRCLE('',#2069,0.5);
#777=CIRCLE('',#2071,32.5);
#778=CIRCLE('',#2073,0.5);
#779=CIRCLE('',#2075,33.);
#780=CIRCLE('',#2077,0.5);
#781=CIRCLE('',#2080,33.);
#782=CIRCLE('',#2082,0.5);
#783=CIRCLE('',#2090,0.5);
#784=CIRCLE('',#2091,32.5);
#785=CIRCLE('',#2092,0.5);
#786=CIRCLE('',#2093,33.);
#787=CIRCLE('',#2097,0.5);
#788=CIRCLE('',#2098,0.5);
#789=CIRCLE('',#2099,33.);
#790=CIRCLE('',#2102,0.5);
#791=CIRCLE('',#2103,32.5);
#792=CIRCLE('',#2104,0.5);
#793=CIRCLE('',#2105,33.);
#794=CIRCLE('',#2109,0.5);
#795=CIRCLE('',#2110,32.5);
#796=CIRCLE('',#2111,0.5);
#797=CIRCLE('',#2112,33.);
#798=CIRCLE('',#2123,33.);
#799=VERTEX_POINT('',#2692);
#800=VERTEX_POINT('',#2694);
#801=VERTEX_POINT('',#2698);
#802=VERTEX_POINT('',#2700);
#803=VERTEX_POINT('',#2704);
#804=VERTEX_POINT('',#2706);
#805=VERTEX_POINT('',#2710);
#806=VERTEX_POINT('',#2712);
#807=VERTEX_POINT('',#2716);
#808=VERTEX_POINT('',#2718);
#809=VERTEX_POINT('',#2722);
#810=VERTEX_POINT('',#2724);
#811=VERTEX_POINT('',#2728);
#812=VERTEX_POINT('',#2730);
#813=VERTEX_POINT('',#2734);
#814=VERTEX_POINT('',#2735);
#815=VERTEX_POINT('',#2737);
#816=VERTEX_POINT('',#2739);
#817=VERTEX_POINT('',#2743);
#818=VERTEX_POINT('',#2744);
#819=VERTEX_POINT('',#2746);
#820=VERTEX_POINT('',#2748);
#821=VERTEX_POINT('',#2750);
#822=VERTEX_POINT('',#2752);
#823=VERTEX_POINT('',#2754);
#824=VERTEX_POINT('',#2756);
#825=VERTEX_POINT('',#2758);
#826=VERTEX_POINT('',#2760);
#827=VERTEX_POINT('',#2762);
#828=VERTEX_POINT('',#2764);
#829=VERTEX_POINT('',#2766);
#830=VERTEX_POINT('',#2768);
#831=VERTEX_POINT('',#2771);
#832=VERTEX_POINT('',#2772);
#833=VERTEX_POINT('',#2774);
#834=VERTEX_POINT('',#2776);
#835=VERTEX_POINT('',#2778);
#836=VERTEX_POINT('',#2782);
#837=VERTEX_POINT('',#2784);
#838=VERTEX_POINT('',#2788);
#839=VERTEX_POINT('',#2789);
#840=VERTEX_POINT('',#2794);
#841=VERTEX_POINT('',#2795);
#842=VERTEX_POINT('',#2800);
#843=VERTEX_POINT('',#2804);
#844=VERTEX_POINT('',#2811);
#845=VERTEX_POINT('',#2815);
#846=VERTEX_POINT('',#2816);
#847=VERTEX_POINT('',#2821);
#848=VERTEX_POINT('',#2822);
#849=VERTEX_POINT('',#2824);
#850=VERTEX_POINT('',#2826);
#851=VERTEX_POINT('',#2830);
#852=VERTEX_POINT('',#2831);
#853=VERTEX_POINT('',#2836);
#854=VERTEX_POINT('',#2837);
#855=VERTEX_POINT('',#2839);
#856=VERTEX_POINT('',#2841);
#857=VERTEX_POINT('',#2843);
#858=VERTEX_POINT('',#2845);
#859=VERTEX_POINT('',#2847);
#860=VERTEX_POINT('',#2849);
#861=VERTEX_POINT('',#2851);
#862=VERTEX_POINT('',#2853);
#863=VERTEX_POINT('',#2855);
#864=VERTEX_POINT('',#2857);
#865=VERTEX_POINT('',#2859);
#866=VERTEX_POINT('',#2863);
#867=VERTEX_POINT('',#2865);
#868=VERTEX_POINT('',#2867);
#869=VERTEX_POINT('',#2869);
#870=VERTEX_POINT('',#2871);
#871=VERTEX_POINT('',#2873);
#872=VERTEX_POINT('',#2876);
#873=VERTEX_POINT('',#2878);
#874=VERTEX_POINT('',#2881);
#875=VERTEX_POINT('',#2883);
#876=VERTEX_POINT('',#2886);
#877=VERTEX_POINT('',#2888);
#878=VERTEX_POINT('',#2890);
#879=VERTEX_POINT('',#2892);
#880=VERTEX_POINT('',#2895);
#881=VERTEX_POINT('',#2897);
#882=VERTEX_POINT('',#2899);
#883=VERTEX_POINT('',#2901);
#884=VERTEX_POINT('',#2903);
#885=VERTEX_POINT('',#2905);
#886=VERTEX_POINT('',#2907);
#887=VERTEX_POINT('',#2909);
#888=VERTEX_POINT('',#2911);
#889=VERTEX_POINT('',#2913);
#890=VERTEX_POINT('',#2915);
#891=VERTEX_POINT('',#2917);
#892=VERTEX_POINT('',#2919);
#893=VERTEX_POINT('',#2921);
#894=VERTEX_POINT('',#2923);
#895=VERTEX_POINT('',#2926);
#896=VERTEX_POINT('',#2928);
#897=VERTEX_POINT('',#2931);
#898=VERTEX_POINT('',#2933);
#899=VERTEX_POINT('',#2936);
#900=VERTEX_POINT('',#2940);
#901=VERTEX_POINT('',#2941);
#902=VERTEX_POINT('',#2946);
#903=VERTEX_POINT('',#2947);
#904=VERTEX_POINT('',#2952);
#905=VERTEX_POINT('',#2953);
#906=VERTEX_POINT('',#2958);
#907=VERTEX_POINT('',#2959);
#908=VERTEX_POINT('',#2964);
#909=VERTEX_POINT('',#2975);
#910=VERTEX_POINT('',#2976);
#911=VERTEX_POINT('',#2979);
#912=VERTEX_POINT('',#2981);
#913=VERTEX_POINT('',#2984);
#914=VERTEX_POINT('',#2986);
#915=VERTEX_POINT('',#2989);
#916=VERTEX_POINT('',#2991);
#917=VERTEX_POINT('',#2994);
#918=VERTEX_POINT('',#2996);
#919=VERTEX_POINT('',#2998);
#920=VERTEX_POINT('',#3000);
#921=VERTEX_POINT('',#3004);
#922=VERTEX_POINT('',#3006);
#923=VERTEX_POINT('',#3010);
#924=VERTEX_POINT('',#3014);
#925=VERTEX_POINT('',#3015);
#926=VERTEX_POINT('',#3024);
#927=VERTEX_POINT('',#3026);
#928=VERTEX_POINT('',#3028);
#929=VERTEX_POINT('',#3030);
#930=VERTEX_POINT('',#3033);
#931=VERTEX_POINT('',#3035);
#932=VERTEX_POINT('',#3038);
#933=VERTEX_POINT('',#3039);
#934=VERTEX_POINT('',#3041);
#935=VERTEX_POINT('',#3043);
#936=VERTEX_POINT('',#3047);
#937=VERTEX_POINT('',#3049);
#938=VERTEX_POINT('',#3053);
#939=VERTEX_POINT('',#3057);
#940=VERTEX_POINT('',#3061);
#941=VERTEX_POINT('',#3063);
#942=VERTEX_POINT('',#3067);
#943=VERTEX_POINT('',#3071);
#944=VERTEX_POINT('',#3080);
#945=VERTEX_POINT('',#3081);
#946=VERTEX_POINT('',#3083);
#947=VERTEX_POINT('',#3085);
#948=VERTEX_POINT('',#3089);
#949=VERTEX_POINT('',#3091);
#950=VERTEX_POINT('',#3095);
#951=VERTEX_POINT('',#3098);
#952=VERTEX_POINT('',#3103);
#953=VERTEX_POINT('',#3108);
#954=VERTEX_POINT('',#3112);
#955=VERTEX_POINT('',#3116);
#956=VERTEX_POINT('',#3124);
#957=VERTEX_POINT('',#3125);
#958=VERTEX_POINT('',#3130);
#959=VERTEX_POINT('',#3134);
#960=VERTEX_POINT('',#3135);
#961=VERTEX_POINT('',#3140);
#962=VERTEX_POINT('',#3144);
#963=VERTEX_POINT('',#3151);
#964=VERTEX_POINT('',#3158);
#965=VERTEX_POINT('',#3159);
#966=VERTEX_POINT('',#3161);
#967=VERTEX_POINT('',#3163);
#968=VERTEX_POINT('',#3176);
#969=VERTEX_POINT('',#3177);
#970=VERTEX_POINT('',#3179);
#971=VERTEX_POINT('',#3181);
#972=VERTEX_POINT('',#3190);
#973=VERTEX_POINT('',#3192);
#974=VERTEX_POINT('',#3198);
#975=VERTEX_POINT('',#3199);
#976=VERTEX_POINT('',#3201);
#977=VERTEX_POINT('',#3203);
#978=VERTEX_POINT('',#3210);
#979=VERTEX_POINT('',#3214);
#980=VERTEX_POINT('',#3215);
#981=VERTEX_POINT('',#3217);
#982=VERTEX_POINT('',#3219);
#983=VERTEX_POINT('',#3237);
#984=EDGE_CURVE('',#799,#799,#717,.T.);
#985=EDGE_CURVE('',#799,#800,#321,.T.);
#986=EDGE_CURVE('',#800,#800,#718,.T.);
#987=EDGE_CURVE('',#801,#801,#719,.T.);
#988=EDGE_CURVE('',#801,#802,#322,.T.);
#989=EDGE_CURVE('',#802,#802,#720,.T.);
#990=EDGE_CURVE('',#803,#803,#721,.T.);
#991=EDGE_CURVE('',#803,#804,#323,.T.);
#992=EDGE_CURVE('',#804,#804,#722,.T.);
#993=EDGE_CURVE('',#805,#805,#723,.T.);
#994=EDGE_CURVE('',#805,#806,#324,.T.);
#995=EDGE_CURVE('',#806,#806,#724,.T.);
#996=EDGE_CURVE('',#807,#807,#725,.T.);
#997=EDGE_CURVE('',#807,#808,#325,.T.);
#998=EDGE_CURVE('',#808,#808,#726,.T.);
#999=EDGE_CURVE('',#809,#809,#727,.T.);
#1000=EDGE_CURVE('',#809,#810,#326,.T.);
#1001=EDGE_CURVE('',#810,#810,#728,.T.);
#1002=EDGE_CURVE('',#811,#811,#729,.T.);
#1003=EDGE_CURVE('',#811,#812,#327,.T.);
#1004=EDGE_CURVE('',#812,#812,#730,.T.);
#1005=EDGE_CURVE('',#813,#814,#328,.T.);
#1006=EDGE_CURVE('',#815,#813,#329,.T.);
#1007=EDGE_CURVE('',#815,#816,#330,.T.);
#1008=EDGE_CURVE('',#814,#816,#331,.T.);
#1009=EDGE_CURVE('',#817,#818,#332,.T.);
#1010=EDGE_CURVE('',#818,#819,#333,.T.);
#1011=EDGE_CURVE('',#820,#819,#731,.T.);
#1012=EDGE_CURVE('',#820,#821,#334,.T.);
#1013=EDGE_CURVE('',#821,#822,#732,.T.);
#1014=EDGE_CURVE('',#822,#823,#335,.T.);
#1015=EDGE_CURVE('',#823,#824,#733,.T.);
#1016=EDGE_CURVE('',#824,#825,#336,.T.);
#1017=EDGE_CURVE('',#825,#826,#734,.T.);
#1018=EDGE_CURVE('',#826,#827,#337,.T.);
#1019=EDGE_CURVE('',#827,#828,#735,.T.);
#1020=EDGE_CURVE('',#828,#829,#338,.T.);
#1021=EDGE_CURVE('',#830,#829,#736,.T.);
#1022=EDGE_CURVE('',#830,#817,#339,.T.);
#1023=EDGE_CURVE('',#831,#832,#340,.T.);
#1024=EDGE_CURVE('',#832,#833,#341,.T.);
#1025=EDGE_CURVE('',#833,#834,#342,.T.);
#1026=EDGE_CURVE('',#834,#835,#343,.T.);
#1027=EDGE_CURVE('',#835,#831,#737,.T.);
#1028=EDGE_CURVE('',#836,#813,#344,.T.);
#1029=EDGE_CURVE('',#836,#837,#345,.T.);
#1030=EDGE_CURVE('',#837,#815,#346,.T.);
#1031=EDGE_CURVE('',#838,#839,#347,.T.);
#1032=EDGE_CURVE('',#838,#817,#348,.T.);
#1033=EDGE_CURVE('',#839,#830,#349,.T.);
#1034=EDGE_CURVE('',#840,#841,#350,.T.);
#1035=EDGE_CURVE('',#840,#819,#351,.T.);
#1036=EDGE_CURVE('',#841,#818,#352,.T.);
#1037=EDGE_CURVE('',#842,#814,#353,.T.);
#1038=EDGE_CURVE('',#842,#836,#354,.T.);
#1039=EDGE_CURVE('',#843,#816,#355,.T.);
#1040=EDGE_CURVE('',#843,#842,#356,.T.);
#1041=EDGE_CURVE('',#838,#843,#357,.T.);
#1042=EDGE_CURVE('',#837,#841,#358,.T.);
#1043=EDGE_CURVE('',#839,#844,#738,.T.);
#1044=EDGE_CURVE('',#844,#840,#739,.T.);
#1045=EDGE_CURVE('',#845,#846,#740,.T.);
#1046=EDGE_CURVE('',#826,#845,#359,.T.);
#1047=EDGE_CURVE('',#846,#825,#360,.T.);
#1048=EDGE_CURVE('',#847,#848,#741,.T.);
#1049=EDGE_CURVE('',#847,#849,#361,.T.);
#1050=EDGE_CURVE('',#850,#849,#742,.T.);
#1051=EDGE_CURVE('',#850,#848,#362,.T.);
#1052=EDGE_CURVE('',#851,#852,#363,.T.);
#1053=EDGE_CURVE('',#851,#823,#364,.T.);
#1054=EDGE_CURVE('',#822,#852,#365,.T.);
#1055=EDGE_CURVE('',#853,#854,#743,.T.);
#1056=EDGE_CURVE('',#854,#855,#366,.T.);
#1057=EDGE_CURVE('',#855,#856,#744,.T.);
#1058=EDGE_CURVE('',#856,#857,#367,.T.);
#1059=EDGE_CURVE('',#857,#858,#745,.T.);
#1060=EDGE_CURVE('',#859,#858,#368,.T.);
#1061=EDGE_CURVE('',#859,#860,#746,.T.);
#1062=EDGE_CURVE('',#860,#861,#369,.T.);
#1063=EDGE_CURVE('',#861,#862,#747,.T.);
#1064=EDGE_CURVE('',#863,#862,#370,.T.);
#1065=EDGE_CURVE('',#863,#864,#748,.T.);
#1066=EDGE_CURVE('',#864,#865,#371,.T.);
#1067=EDGE_CURVE('',#865,#853,#372,.T.);
#1068=EDGE_CURVE('',#844,#866,#373,.T.);
#1069=EDGE_CURVE('',#866,#867,#749,.T.);
#1070=EDGE_CURVE('',#867,#868,#374,.T.);
#1071=EDGE_CURVE('',#869,#868,#750,.T.);
#1072=EDGE_CURVE('',#869,#870,#375,.T.);
#1073=EDGE_CURVE('',#870,#871,#751,.T.);
#1074=EDGE_CURVE('',#871,#864,#376,.T.);
#1075=EDGE_CURVE('',#863,#872,#377,.T.);
#1076=EDGE_CURVE('',#872,#873,#752,.T.);
#1077=EDGE_CURVE('',#873,#860,#378,.T.);
#1078=EDGE_CURVE('',#859,#874,#379,.T.);
#1079=EDGE_CURVE('',#874,#875,#753,.T.);
#1080=EDGE_CURVE('',#875,#856,#380,.T.);
#1081=EDGE_CURVE('',#855,#876,#381,.T.);
#1082=EDGE_CURVE('',#876,#877,#754,.T.);
#1083=EDGE_CURVE('',#877,#878,#382,.T.);
#1084=EDGE_CURVE('',#879,#878,#755,.T.);
#1085=EDGE_CURVE('',#879,#847,#383,.T.);
#1086=EDGE_CURVE('',#848,#880,#384,.T.);
#1087=EDGE_CURVE('',#881,#880,#756,.T.);
#1088=EDGE_CURVE('',#881,#882,#385,.T.);
#1089=EDGE_CURVE('',#882,#883,#757,.T.);
#1090=EDGE_CURVE('',#883,#884,#386,.T.);
#1091=EDGE_CURVE('',#885,#884,#758,.T.);
#1092=EDGE_CURVE('',#885,#886,#387,.T.);
#1093=EDGE_CURVE('',#886,#887,#759,.T.);
#1094=EDGE_CURVE('',#887,#888,#388,.T.);
#1095=EDGE_CURVE('',#889,#888,#760,.T.);
#1096=EDGE_CURVE('',#890,#889,#389,.T.);
#1097=EDGE_CURVE('',#891,#890,#761,.T.);
#1098=EDGE_CURVE('',#892,#891,#390,.T.);
#1099=EDGE_CURVE('',#893,#892,#762,.T.);
#1100=EDGE_CURVE('',#893,#894,#391,.T.);
#1101=EDGE_CURVE('',#894,#866,#763,.T.);
#1102=EDGE_CURVE('',#895,#829,#392,.T.);
#1103=EDGE_CURVE('',#896,#895,#764,.T.);
#1104=EDGE_CURVE('',#828,#896,#393,.T.);
#1105=EDGE_CURVE('',#897,#827,#394,.T.);
#1106=EDGE_CURVE('',#898,#897,#765,.T.);
#1107=EDGE_CURVE('',#824,#898,#395,.T.);
#1108=EDGE_CURVE('',#899,#851,#766,.T.);
#1109=EDGE_CURVE('',#899,#820,#396,.T.);
#1110=EDGE_CURVE('',#900,#901,#767,.T.);
#1111=EDGE_CURVE('',#854,#901,#397,.T.);
#1112=EDGE_CURVE('',#853,#900,#398,.T.);
#1113=EDGE_CURVE('',#902,#903,#768,.T.);
#1114=EDGE_CURVE('',#903,#901,#399,.T.);
#1115=EDGE_CURVE('',#900,#902,#400,.T.);
#1116=EDGE_CURVE('',#904,#905,#769,.T.);
#1117=EDGE_CURVE('',#904,#903,#401,.T.);
#1118=EDGE_CURVE('',#902,#905,#402,.T.);
#1119=EDGE_CURVE('',#906,#907,#403,.T.);
#1120=EDGE_CURVE('',#907,#904,#404,.T.);
#1121=EDGE_CURVE('',#905,#906,#405,.T.);
#1122=EDGE_CURVE('',#908,#852,#770,.T.);
#1123=EDGE_CURVE('',#908,#821,#406,.T.);
#1124=EDGE_CURVE('',#908,#899,#407,.T.);
#1125=EDGE_CURVE('',#898,#846,#408,.T.);
#1126=EDGE_CURVE('',#845,#897,#409,.T.);
#1127=EDGE_CURVE('',#909,#910,#410,.T.);
#1128=EDGE_CURVE('',#889,#909,#411,.T.);
#1129=EDGE_CURVE('',#888,#911,#412,.T.);
#1130=EDGE_CURVE('',#911,#912,#771,.T.);
#1131=EDGE_CURVE('',#885,#912,#413,.T.);
#1132=EDGE_CURVE('',#884,#913,#414,.T.);
#1133=EDGE_CURVE('',#913,#914,#772,.T.);
#1134=EDGE_CURVE('',#881,#914,#415,.T.);
#1135=EDGE_CURVE('',#880,#915,#416,.T.);
#1136=EDGE_CURVE('',#915,#916,#773,.T.);
#1137=EDGE_CURVE('',#879,#916,#417,.T.);
#1138=EDGE_CURVE('',#878,#917,#418,.T.);
#1139=EDGE_CURVE('',#918,#917,#419,.T.);
#1140=EDGE_CURVE('',#918,#919,#420,.T.);
#1141=EDGE_CURVE('',#919,#920,#421,.T.);
#1142=EDGE_CURVE('',#920,#910,#422,.T.);
#1143=EDGE_CURVE('',#921,#831,#423,.T.);
#1144=EDGE_CURVE('',#922,#921,#424,.T.);
#1145=EDGE_CURVE('',#922,#832,#425,.T.);
#1146=EDGE_CURVE('',#923,#922,#426,.T.);
#1147=EDGE_CURVE('',#833,#923,#427,.T.);
#1148=EDGE_CURVE('',#924,#925,#428,.T.);
#1149=EDGE_CURVE('',#924,#835,#429,.T.);
#1150=EDGE_CURVE('',#925,#834,#430,.T.);
#1151=EDGE_CURVE('',#921,#924,#774,.T.);
#1152=EDGE_CURVE('',#925,#923,#431,.T.);
#1153=EDGE_CURVE('',#926,#918,#432,.T.);
#1154=EDGE_CURVE('',#926,#927,#433,.T.);
#1155=EDGE_CURVE('',#927,#928,#434,.T.);
#1156=EDGE_CURVE('',#928,#929,#435,.T.);
#1157=EDGE_CURVE('',#910,#929,#436,.T.);
#1158=EDGE_CURVE('',#930,#910,#437,.T.);
#1159=EDGE_CURVE('',#930,#931,#438,.T.);
#1160=EDGE_CURVE('',#931,#918,#439,.T.);
#1161=EDGE_CURVE('',#932,#933,#440,.T.);
#1162=EDGE_CURVE('',#934,#932,#441,.T.);
#1163=EDGE_CURVE('',#935,#934,#442,.T.);
#1164=EDGE_CURVE('',#933,#935,#443,.T.);
#1165=EDGE_CURVE('',#920,#936,#444,.T.);
#1166=EDGE_CURVE('',#936,#937,#445,.T.);
#1167=EDGE_CURVE('',#937,#930,#446,.T.);
#1168=EDGE_CURVE('',#919,#938,#447,.T.);
#1169=EDGE_CURVE('',#938,#936,#448,.T.);
#1170=EDGE_CURVE('',#931,#939,#449,.T.);
#1171=EDGE_CURVE('',#939,#938,#450,.T.);
#1172=EDGE_CURVE('',#932,#940,#451,.T.);
#1173=EDGE_CURVE('',#941,#940,#452,.T.);
#1174=EDGE_CURVE('',#934,#941,#453,.T.);
#1175=EDGE_CURVE('',#942,#941,#454,.T.);
#1176=EDGE_CURVE('',#935,#942,#455,.T.);
#1177=EDGE_CURVE('',#943,#942,#456,.T.);
#1178=EDGE_CURVE('',#933,#943,#457,.T.);
#1179=EDGE_CURVE('',#940,#943,#458,.T.);
#1180=EDGE_CURVE('',#937,#939,#459,.T.);
#1181=EDGE_CURVE('',#944,#945,#460,.T.);
#1182=EDGE_CURVE('',#944,#946,#461,.T.);
#1183=EDGE_CURVE('',#946,#947,#462,.T.);
#1184=EDGE_CURVE('',#945,#947,#463,.T.);
#1185=EDGE_CURVE('',#948,#946,#464,.T.);
#1186=EDGE_CURVE('',#949,#948,#465,.T.);
#1187=EDGE_CURVE('',#947,#949,#466,.T.);
#1188=EDGE_CURVE('',#896,#950,#467,.T.);
#1189=EDGE_CURVE('',#950,#949,#468,.T.);
#1190=EDGE_CURVE('',#948,#951,#469,.T.);
#1191=EDGE_CURVE('',#951,#895,#470,.T.);
#1192=EDGE_CURVE('',#929,#944,#471,.T.);
#1193=EDGE_CURVE('',#952,#944,#472,.T.);
#1194=EDGE_CURVE('',#952,#909,#473,.T.);
#1195=EDGE_CURVE('',#945,#926,#474,.T.);
#1196=EDGE_CURVE('',#953,#917,#475,.T.);
#1197=EDGE_CURVE('',#945,#953,#476,.T.);
#1198=EDGE_CURVE('',#954,#950,#477,.T.);
#1199=EDGE_CURVE('',#927,#954,#478,.T.);
#1200=EDGE_CURVE('',#928,#955,#479,.T.);
#1201=EDGE_CURVE('',#951,#955,#480,.T.);
#1202=EDGE_CURVE('',#955,#954,#481,.T.);
#1203=EDGE_CURVE('',#890,#952,#482,.T.);
#1204=EDGE_CURVE('',#956,#957,#775,.T.);
#1205=EDGE_CURVE('',#956,#873,#483,.T.);
#1206=EDGE_CURVE('',#872,#957,#484,.T.);
#1207=EDGE_CURVE('',#957,#958,#776,.T.);
#1208=EDGE_CURVE('',#862,#958,#485,.T.);
#1209=EDGE_CURVE('',#959,#960,#777,.T.);
#1210=EDGE_CURVE('',#959,#875,#486,.T.);
#1211=EDGE_CURVE('',#874,#960,#487,.T.);
#1212=EDGE_CURVE('',#960,#961,#778,.T.);
#1213=EDGE_CURVE('',#858,#961,#488,.T.);
#1214=EDGE_CURVE('',#958,#962,#779,.T.);
#1215=EDGE_CURVE('',#861,#962,#489,.T.);
#1216=EDGE_CURVE('',#962,#956,#780,.T.);
#1217=EDGE_CURVE('',#961,#963,#781,.T.);
#1218=EDGE_CURVE('',#857,#963,#490,.T.);
#1219=EDGE_CURVE('',#963,#959,#782,.T.);
#1220=EDGE_CURVE('',#964,#965,#491,.T.);
#1221=EDGE_CURVE('',#965,#966,#492,.T.);
#1222=EDGE_CURVE('',#966,#967,#493,.T.);
#1223=EDGE_CURVE('',#967,#964,#494,.T.);
#1224=EDGE_CURVE('',#865,#965,#495,.T.);
#1225=EDGE_CURVE('',#902,#964,#496,.T.);
#1226=EDGE_CURVE('',#871,#876,#497,.T.);
#1227=EDGE_CURVE('',#966,#907,#498,.T.);
#1228=EDGE_CURVE('',#906,#967,#499,.T.);
#1229=EDGE_CURVE('',#968,#969,#783,.T.);
#1230=EDGE_CURVE('',#969,#970,#784,.T.);
#1231=EDGE_CURVE('',#970,#971,#785,.T.);
#1232=EDGE_CURVE('',#971,#968,#786,.T.);
#1233=EDGE_CURVE('',#969,#883,#500,.T.);
#1234=EDGE_CURVE('',#882,#970,#501,.T.);
#1235=EDGE_CURVE('',#913,#968,#502,.T.);
#1236=EDGE_CURVE('',#972,#850,#787,.T.);
#1237=EDGE_CURVE('',#849,#973,#788,.T.);
#1238=EDGE_CURVE('',#973,#972,#789,.T.);
#1239=EDGE_CURVE('',#915,#972,#503,.T.);
#1240=EDGE_CURVE('',#974,#975,#790,.T.);
#1241=EDGE_CURVE('',#975,#976,#791,.T.);
#1242=EDGE_CURVE('',#976,#977,#792,.T.);
#1243=EDGE_CURVE('',#977,#974,#793,.T.);
#1244=EDGE_CURVE('',#975,#867,#504,.T.);
#1245=EDGE_CURVE('',#894,#976,#505,.T.);
#1246=EDGE_CURVE('',#978,#974,#506,.T.);
#1247=EDGE_CURVE('',#868,#978,#507,.T.);
#1248=EDGE_CURVE('',#979,#980,#794,.T.);
#1249=EDGE_CURVE('',#980,#981,#795,.T.);
#1250=EDGE_CURVE('',#981,#982,#796,.T.);
#1251=EDGE_CURVE('',#982,#979,#797,.T.);
#1252=EDGE_CURVE('',#980,#887,#508,.T.);
#1253=EDGE_CURVE('',#886,#981,#509,.T.);
#1254=EDGE_CURVE('',#911,#979,#510,.T.);
#1255=EDGE_CURVE('',#914,#971,#511,.T.);
#1256=EDGE_CURVE('',#912,#982,#512,.T.);
#1257=EDGE_CURVE('',#916,#973,#513,.T.);
#1258=EDGE_CURVE('',#893,#983,#514,.T.);
#1259=EDGE_CURVE('',#983,#977,#515,.T.);
#1260=EDGE_CURVE('',#978,#983,#798,.T.);
#1261=EDGE_CURVE('',#953,#877,#516,.T.);
#1262=EDGE_CURVE('',#891,#870,#517,.T.);
#1263=EDGE_CURVE('',#892,#869,#518,.T.);
#1264=ORIENTED_EDGE('',*,*,#984,.F.);
#1265=ORIENTED_EDGE('',*,*,#985,.T.);
#1266=ORIENTED_EDGE('',*,*,#986,.F.);
#1267=ORIENTED_EDGE('',*,*,#985,.F.);
#1268=ORIENTED_EDGE('',*,*,#987,.F.);
#1269=ORIENTED_EDGE('',*,*,#988,.T.);
#1270=ORIENTED_EDGE('',*,*,#989,.F.);
#1271=ORIENTED_EDGE('',*,*,#988,.F.);
#1272=ORIENTED_EDGE('',*,*,#990,.F.);
#1273=ORIENTED_EDGE('',*,*,#991,.T.);
#1274=ORIENTED_EDGE('',*,*,#992,.F.);
#1275=ORIENTED_EDGE('',*,*,#991,.F.);
#1276=ORIENTED_EDGE('',*,*,#993,.F.);
#1277=ORIENTED_EDGE('',*,*,#994,.T.);
#1278=ORIENTED_EDGE('',*,*,#995,.F.);
#1279=ORIENTED_EDGE('',*,*,#994,.F.);
#1280=ORIENTED_EDGE('',*,*,#996,.F.);
#1281=ORIENTED_EDGE('',*,*,#997,.T.);
#1282=ORIENTED_EDGE('',*,*,#998,.F.);
#1283=ORIENTED_EDGE('',*,*,#997,.F.);
#1284=ORIENTED_EDGE('',*,*,#999,.F.);
#1285=ORIENTED_EDGE('',*,*,#1000,.T.);
#1286=ORIENTED_EDGE('',*,*,#1001,.F.);
#1287=ORIENTED_EDGE('',*,*,#1000,.F.);
#1288=ORIENTED_EDGE('',*,*,#1002,.F.);
#1289=ORIENTED_EDGE('',*,*,#1003,.T.);
#1290=ORIENTED_EDGE('',*,*,#1004,.F.);
#1291=ORIENTED_EDGE('',*,*,#1003,.F.);
#1292=ORIENTED_EDGE('',*,*,#1005,.F.);
#1293=ORIENTED_EDGE('',*,*,#1006,.F.);
#1294=ORIENTED_EDGE('',*,*,#1007,.T.);
#1295=ORIENTED_EDGE('',*,*,#1008,.F.);
#1296=ORIENTED_EDGE('',*,*,#1009,.T.);
#1297=ORIENTED_EDGE('',*,*,#1010,.T.);
#1298=ORIENTED_EDGE('',*,*,#1011,.F.);
#1299=ORIENTED_EDGE('',*,*,#1012,.T.);
#1300=ORIENTED_EDGE('',*,*,#1013,.T.);
#1301=ORIENTED_EDGE('',*,*,#1014,.T.);
#1302=ORIENTED_EDGE('',*,*,#1015,.T.);
#1303=ORIENTED_EDGE('',*,*,#1016,.T.);
#1304=ORIENTED_EDGE('',*,*,#1017,.T.);
#1305=ORIENTED_EDGE('',*,*,#1018,.T.);
#1306=ORIENTED_EDGE('',*,*,#1019,.T.);
#1307=ORIENTED_EDGE('',*,*,#1020,.T.);
#1308=ORIENTED_EDGE('',*,*,#1021,.F.);
#1309=ORIENTED_EDGE('',*,*,#1022,.T.);
#1310=ORIENTED_EDGE('',*,*,#993,.T.);
#1311=ORIENTED_EDGE('',*,*,#996,.T.);
#1312=ORIENTED_EDGE('',*,*,#999,.T.);
#1313=ORIENTED_EDGE('',*,*,#1002,.T.);
#1314=ORIENTED_EDGE('',*,*,#1023,.T.);
#1315=ORIENTED_EDGE('',*,*,#1024,.T.);
#1316=ORIENTED_EDGE('',*,*,#1025,.T.);
#1317=ORIENTED_EDGE('',*,*,#1026,.T.);
#1318=ORIENTED_EDGE('',*,*,#1027,.T.);
#1319=ORIENTED_EDGE('',*,*,#992,.T.);
#1320=ORIENTED_EDGE('',*,*,#989,.T.);
#1321=ORIENTED_EDGE('',*,*,#986,.T.);
#1322=ORIENTED_EDGE('',*,*,#1006,.T.);
#1323=ORIENTED_EDGE('',*,*,#1028,.F.);
#1324=ORIENTED_EDGE('',*,*,#1029,.T.);
#1325=ORIENTED_EDGE('',*,*,#1030,.T.);
#1326=ORIENTED_EDGE('',*,*,#1031,.F.);
#1327=ORIENTED_EDGE('',*,*,#1032,.T.);
#1328=ORIENTED_EDGE('',*,*,#1022,.F.);
#1329=ORIENTED_EDGE('',*,*,#1033,.F.);
#1330=ORIENTED_EDGE('',*,*,#1034,.F.);
#1331=ORIENTED_EDGE('',*,*,#1035,.T.);
#1332=ORIENTED_EDGE('',*,*,#1010,.F.);
#1333=ORIENTED_EDGE('',*,*,#1036,.F.);
#1334=ORIENTED_EDGE('',*,*,#1005,.T.);
#1335=ORIENTED_EDGE('',*,*,#1037,.F.);
#1336=ORIENTED_EDGE('',*,*,#1038,.T.);
#1337=ORIENTED_EDGE('',*,*,#1028,.T.);
#1338=ORIENTED_EDGE('',*,*,#1008,.T.);
#1339=ORIENTED_EDGE('',*,*,#1039,.F.);
#1340=ORIENTED_EDGE('',*,*,#1040,.T.);
#1341=ORIENTED_EDGE('',*,*,#1037,.T.);
#1342=ORIENTED_EDGE('',*,*,#1041,.T.);
#1343=ORIENTED_EDGE('',*,*,#1039,.T.);
#1344=ORIENTED_EDGE('',*,*,#1007,.F.);
#1345=ORIENTED_EDGE('',*,*,#1030,.F.);
#1346=ORIENTED_EDGE('',*,*,#1042,.T.);
#1347=ORIENTED_EDGE('',*,*,#1036,.T.);
#1348=ORIENTED_EDGE('',*,*,#1009,.F.);
#1349=ORIENTED_EDGE('',*,*,#1032,.F.);
#1350=ORIENTED_EDGE('',*,*,#1041,.F.);
#1351=ORIENTED_EDGE('',*,*,#1031,.T.);
#1352=ORIENTED_EDGE('',*,*,#1043,.T.);
#1353=ORIENTED_EDGE('',*,*,#1044,.T.);
#1354=ORIENTED_EDGE('',*,*,#1034,.T.);
#1355=ORIENTED_EDGE('',*,*,#1042,.F.);
#1356=ORIENTED_EDGE('',*,*,#1029,.F.);
#1357=ORIENTED_EDGE('',*,*,#1038,.F.);
#1358=ORIENTED_EDGE('',*,*,#1040,.F.);
#1359=ORIENTED_EDGE('',*,*,#1045,.F.);
#1360=ORIENTED_EDGE('',*,*,#1046,.F.);
#1361=ORIENTED_EDGE('',*,*,#1017,.F.);
#1362=ORIENTED_EDGE('',*,*,#1047,.F.);
#1363=ORIENTED_EDGE('',*,*,#1048,.F.);
#1364=ORIENTED_EDGE('',*,*,#1049,.T.);
#1365=ORIENTED_EDGE('',*,*,#1050,.F.);
#1366=ORIENTED_EDGE('',*,*,#1051,.T.);
#1367=ORIENTED_EDGE('',*,*,#1052,.F.);
#1368=ORIENTED_EDGE('',*,*,#1053,.T.);
#1369=ORIENTED_EDGE('',*,*,#1014,.F.);
#1370=ORIENTED_EDGE('',*,*,#1054,.T.);
#1371=ORIENTED_EDGE('',*,*,#1055,.T.);
#1372=ORIENTED_EDGE('',*,*,#1056,.T.);
#1373=ORIENTED_EDGE('',*,*,#1057,.T.);
#1374=ORIENTED_EDGE('',*,*,#1058,.T.);
#1375=ORIENTED_EDGE('',*,*,#1059,.T.);
#1376=ORIENTED_EDGE('',*,*,#1060,.F.);
#1377=ORIENTED_EDGE('',*,*,#1061,.T.);
#1378=ORIENTED_EDGE('',*,*,#1062,.T.);
#1379=ORIENTED_EDGE('',*,*,#1063,.T.);
#1380=ORIENTED_EDGE('',*,*,#1064,.F.);
#1381=ORIENTED_EDGE('',*,*,#1065,.T.);
#1382=ORIENTED_EDGE('',*,*,#1066,.T.);
#1383=ORIENTED_EDGE('',*,*,#1067,.T.);
#1384=ORIENTED_EDGE('',*,*,#987,.T.);
#1385=ORIENTED_EDGE('',*,*,#1011,.T.);
#1386=ORIENTED_EDGE('',*,*,#1035,.F.);
#1387=ORIENTED_EDGE('',*,*,#1044,.F.);
#1388=ORIENTED_EDGE('',*,*,#1068,.T.);
#1389=ORIENTED_EDGE('',*,*,#1069,.T.);
#1390=ORIENTED_EDGE('',*,*,#1070,.T.);
#1391=ORIENTED_EDGE('',*,*,#1071,.F.);
#1392=ORIENTED_EDGE('',*,*,#1072,.T.);
#1393=ORIENTED_EDGE('',*,*,#1073,.T.);
#1394=ORIENTED_EDGE('',*,*,#1074,.T.);
#1395=ORIENTED_EDGE('',*,*,#1065,.F.);
#1396=ORIENTED_EDGE('',*,*,#1075,.T.);
#1397=ORIENTED_EDGE('',*,*,#1076,.T.);
#1398=ORIENTED_EDGE('',*,*,#1077,.T.);
#1399=ORIENTED_EDGE('',*,*,#1061,.F.);
#1400=ORIENTED_EDGE('',*,*,#1078,.T.);
#1401=ORIENTED_EDGE('',*,*,#1079,.T.);
#1402=ORIENTED_EDGE('',*,*,#1080,.T.);
#1403=ORIENTED_EDGE('',*,*,#1057,.F.);
#1404=ORIENTED_EDGE('',*,*,#1081,.T.);
#1405=ORIENTED_EDGE('',*,*,#1082,.T.);
#1406=ORIENTED_EDGE('',*,*,#1083,.T.);
#1407=ORIENTED_EDGE('',*,*,#1084,.F.);
#1408=ORIENTED_EDGE('',*,*,#1085,.T.);
#1409=ORIENTED_EDGE('',*,*,#1048,.T.);
#1410=ORIENTED_EDGE('',*,*,#1086,.T.);
#1411=ORIENTED_EDGE('',*,*,#1087,.F.);
#1412=ORIENTED_EDGE('',*,*,#1088,.T.);
#1413=ORIENTED_EDGE('',*,*,#1089,.T.);
#1414=ORIENTED_EDGE('',*,*,#1090,.T.);
#1415=ORIENTED_EDGE('',*,*,#1091,.F.);
#1416=ORIENTED_EDGE('',*,*,#1092,.T.);
#1417=ORIENTED_EDGE('',*,*,#1093,.T.);
#1418=ORIENTED_EDGE('',*,*,#1094,.T.);
#1419=ORIENTED_EDGE('',*,*,#1095,.F.);
#1420=ORIENTED_EDGE('',*,*,#1096,.F.);
#1421=ORIENTED_EDGE('',*,*,#1097,.F.);
#1422=ORIENTED_EDGE('',*,*,#1098,.F.);
#1423=ORIENTED_EDGE('',*,*,#1099,.F.);
#1424=ORIENTED_EDGE('',*,*,#1100,.T.);
#1425=ORIENTED_EDGE('',*,*,#1101,.T.);
#1426=ORIENTED_EDGE('',*,*,#1068,.F.);
#1427=ORIENTED_EDGE('',*,*,#1043,.F.);
#1428=ORIENTED_EDGE('',*,*,#1033,.T.);
#1429=ORIENTED_EDGE('',*,*,#1021,.T.);
#1430=ORIENTED_EDGE('',*,*,#1102,.F.);
#1431=ORIENTED_EDGE('',*,*,#1103,.F.);
#1432=ORIENTED_EDGE('',*,*,#1104,.F.);
#1433=ORIENTED_EDGE('',*,*,#1019,.F.);
#1434=ORIENTED_EDGE('',*,*,#1105,.F.);
#1435=ORIENTED_EDGE('',*,*,#1106,.F.);
#1436=ORIENTED_EDGE('',*,*,#1107,.F.);
#1437=ORIENTED_EDGE('',*,*,#1015,.F.);
#1438=ORIENTED_EDGE('',*,*,#1053,.F.);
#1439=ORIENTED_EDGE('',*,*,#1108,.F.);
#1440=ORIENTED_EDGE('',*,*,#1109,.T.);
#1441=ORIENTED_EDGE('',*,*,#1110,.T.);
#1442=ORIENTED_EDGE('',*,*,#1111,.F.);
#1443=ORIENTED_EDGE('',*,*,#1055,.F.);
#1444=ORIENTED_EDGE('',*,*,#1112,.T.);
#1445=ORIENTED_EDGE('',*,*,#1113,.T.);
#1446=ORIENTED_EDGE('',*,*,#1114,.T.);
#1447=ORIENTED_EDGE('',*,*,#1110,.F.);
#1448=ORIENTED_EDGE('',*,*,#1115,.T.);
#1449=ORIENTED_EDGE('',*,*,#1116,.F.);
#1450=ORIENTED_EDGE('',*,*,#1117,.T.);
#1451=ORIENTED_EDGE('',*,*,#1113,.F.);
#1452=ORIENTED_EDGE('',*,*,#1118,.T.);
#1453=ORIENTED_EDGE('',*,*,#1119,.T.);
#1454=ORIENTED_EDGE('',*,*,#1120,.T.);
#1455=ORIENTED_EDGE('',*,*,#1116,.T.);
#1456=ORIENTED_EDGE('',*,*,#1121,.T.);
#1457=ORIENTED_EDGE('',*,*,#1122,.T.);
#1458=ORIENTED_EDGE('',*,*,#1054,.F.);
#1459=ORIENTED_EDGE('',*,*,#1013,.F.);
#1460=ORIENTED_EDGE('',*,*,#1123,.F.);
#1461=ORIENTED_EDGE('',*,*,#1124,.F.);
#1462=ORIENTED_EDGE('',*,*,#1123,.T.);
#1463=ORIENTED_EDGE('',*,*,#1012,.F.);
#1464=ORIENTED_EDGE('',*,*,#1109,.F.);
#1465=ORIENTED_EDGE('',*,*,#1125,.T.);
#1466=ORIENTED_EDGE('',*,*,#1047,.T.);
#1467=ORIENTED_EDGE('',*,*,#1016,.F.);
#1468=ORIENTED_EDGE('',*,*,#1107,.T.);
#1469=ORIENTED_EDGE('',*,*,#1108,.T.);
#1470=ORIENTED_EDGE('',*,*,#1052,.T.);
#1471=ORIENTED_EDGE('',*,*,#1122,.F.);
#1472=ORIENTED_EDGE('',*,*,#1124,.T.);
#1473=ORIENTED_EDGE('',*,*,#1106,.T.);
#1474=ORIENTED_EDGE('',*,*,#1126,.F.);
#1475=ORIENTED_EDGE('',*,*,#1045,.T.);
#1476=ORIENTED_EDGE('',*,*,#1125,.F.);
#1477=ORIENTED_EDGE('',*,*,#1127,.F.);
#1478=ORIENTED_EDGE('',*,*,#1128,.F.);
#1479=ORIENTED_EDGE('',*,*,#1095,.T.);
#1480=ORIENTED_EDGE('',*,*,#1129,.T.);
#1481=ORIENTED_EDGE('',*,*,#1130,.T.);
#1482=ORIENTED_EDGE('',*,*,#1131,.F.);
#1483=ORIENTED_EDGE('',*,*,#1091,.T.);
#1484=ORIENTED_EDGE('',*,*,#1132,.T.);
#1485=ORIENTED_EDGE('',*,*,#1133,.T.);
#1486=ORIENTED_EDGE('',*,*,#1134,.F.);
#1487=ORIENTED_EDGE('',*,*,#1087,.T.);
#1488=ORIENTED_EDGE('',*,*,#1135,.T.);
#1489=ORIENTED_EDGE('',*,*,#1136,.T.);
#1490=ORIENTED_EDGE('',*,*,#1137,.F.);
#1491=ORIENTED_EDGE('',*,*,#1084,.T.);
#1492=ORIENTED_EDGE('',*,*,#1138,.T.);
#1493=ORIENTED_EDGE('',*,*,#1139,.F.);
#1494=ORIENTED_EDGE('',*,*,#1140,.T.);
#1495=ORIENTED_EDGE('',*,*,#1141,.T.);
#1496=ORIENTED_EDGE('',*,*,#1142,.T.);
#1497=ORIENTED_EDGE('',*,*,#984,.T.);
#1498=ORIENTED_EDGE('',*,*,#990,.T.);
#1499=ORIENTED_EDGE('',*,*,#1143,.F.);
#1500=ORIENTED_EDGE('',*,*,#1144,.F.);
#1501=ORIENTED_EDGE('',*,*,#1145,.T.);
#1502=ORIENTED_EDGE('',*,*,#1023,.F.);
#1503=ORIENTED_EDGE('',*,*,#1146,.F.);
#1504=ORIENTED_EDGE('',*,*,#1147,.F.);
#1505=ORIENTED_EDGE('',*,*,#1024,.F.);
#1506=ORIENTED_EDGE('',*,*,#1145,.F.);
#1507=ORIENTED_EDGE('',*,*,#1148,.F.);
#1508=ORIENTED_EDGE('',*,*,#1149,.T.);
#1509=ORIENTED_EDGE('',*,*,#1026,.F.);
#1510=ORIENTED_EDGE('',*,*,#1150,.F.);
#1511=ORIENTED_EDGE('',*,*,#1151,.F.);
#1512=ORIENTED_EDGE('',*,*,#1143,.T.);
#1513=ORIENTED_EDGE('',*,*,#1027,.F.);
#1514=ORIENTED_EDGE('',*,*,#1149,.F.);
#1515=ORIENTED_EDGE('',*,*,#1152,.F.);
#1516=ORIENTED_EDGE('',*,*,#1150,.T.);
#1517=ORIENTED_EDGE('',*,*,#1025,.F.);
#1518=ORIENTED_EDGE('',*,*,#1147,.T.);
#1519=ORIENTED_EDGE('',*,*,#1153,.F.);
#1520=ORIENTED_EDGE('',*,*,#1154,.T.);
#1521=ORIENTED_EDGE('',*,*,#1155,.T.);
#1522=ORIENTED_EDGE('',*,*,#1156,.T.);
#1523=ORIENTED_EDGE('',*,*,#1157,.F.);
#1524=ORIENTED_EDGE('',*,*,#1158,.F.);
#1525=ORIENTED_EDGE('',*,*,#1159,.T.);
#1526=ORIENTED_EDGE('',*,*,#1160,.T.);
#1527=ORIENTED_EDGE('',*,*,#1161,.F.);
#1528=ORIENTED_EDGE('',*,*,#1162,.F.);
#1529=ORIENTED_EDGE('',*,*,#1163,.F.);
#1530=ORIENTED_EDGE('',*,*,#1164,.F.);
#1531=ORIENTED_EDGE('',*,*,#1158,.T.);
#1532=ORIENTED_EDGE('',*,*,#1142,.F.);
#1533=ORIENTED_EDGE('',*,*,#1165,.T.);
#1534=ORIENTED_EDGE('',*,*,#1166,.T.);
#1535=ORIENTED_EDGE('',*,*,#1167,.T.);
#1536=ORIENTED_EDGE('',*,*,#1141,.F.);
#1537=ORIENTED_EDGE('',*,*,#1168,.T.);
#1538=ORIENTED_EDGE('',*,*,#1169,.T.);
#1539=ORIENTED_EDGE('',*,*,#1165,.F.);
#1540=ORIENTED_EDGE('',*,*,#1160,.F.);
#1541=ORIENTED_EDGE('',*,*,#1170,.T.);
#1542=ORIENTED_EDGE('',*,*,#1171,.T.);
#1543=ORIENTED_EDGE('',*,*,#1168,.F.);
#1544=ORIENTED_EDGE('',*,*,#1140,.F.);
#1545=ORIENTED_EDGE('',*,*,#1162,.T.);
#1546=ORIENTED_EDGE('',*,*,#1172,.T.);
#1547=ORIENTED_EDGE('',*,*,#1173,.F.);
#1548=ORIENTED_EDGE('',*,*,#1174,.F.);
#1549=ORIENTED_EDGE('',*,*,#1163,.T.);
#1550=ORIENTED_EDGE('',*,*,#1174,.T.);
#1551=ORIENTED_EDGE('',*,*,#1175,.F.);
#1552=ORIENTED_EDGE('',*,*,#1176,.F.);
#1553=ORIENTED_EDGE('',*,*,#1164,.T.);
#1554=ORIENTED_EDGE('',*,*,#1176,.T.);
#1555=ORIENTED_EDGE('',*,*,#1177,.F.);
#1556=ORIENTED_EDGE('',*,*,#1178,.F.);
#1557=ORIENTED_EDGE('',*,*,#1161,.T.);
#1558=ORIENTED_EDGE('',*,*,#1178,.T.);
#1559=ORIENTED_EDGE('',*,*,#1179,.F.);
#1560=ORIENTED_EDGE('',*,*,#1172,.F.);
#1561=ORIENTED_EDGE('',*,*,#1159,.F.);
#1562=ORIENTED_EDGE('',*,*,#1167,.F.);
#1563=ORIENTED_EDGE('',*,*,#1180,.T.);
#1564=ORIENTED_EDGE('',*,*,#1170,.F.);
#1565=ORIENTED_EDGE('',*,*,#1169,.F.);
#1566=ORIENTED_EDGE('',*,*,#1171,.F.);
#1567=ORIENTED_EDGE('',*,*,#1180,.F.);
#1568=ORIENTED_EDGE('',*,*,#1166,.F.);
#1569=ORIENTED_EDGE('',*,*,#1179,.T.);
#1570=ORIENTED_EDGE('',*,*,#1177,.T.);
#1571=ORIENTED_EDGE('',*,*,#1175,.T.);
#1572=ORIENTED_EDGE('',*,*,#1173,.T.);
#1573=ORIENTED_EDGE('',*,*,#1181,.F.);
#1574=ORIENTED_EDGE('',*,*,#1182,.T.);
#1575=ORIENTED_EDGE('',*,*,#1183,.T.);
#1576=ORIENTED_EDGE('',*,*,#1184,.F.);
#1577=ORIENTED_EDGE('',*,*,#1183,.F.);
#1578=ORIENTED_EDGE('',*,*,#1185,.F.);
#1579=ORIENTED_EDGE('',*,*,#1186,.F.);
#1580=ORIENTED_EDGE('',*,*,#1187,.F.);
#1581=ORIENTED_EDGE('',*,*,#1020,.F.);
#1582=ORIENTED_EDGE('',*,*,#1104,.T.);
#1583=ORIENTED_EDGE('',*,*,#1188,.T.);
#1584=ORIENTED_EDGE('',*,*,#1189,.T.);
#1585=ORIENTED_EDGE('',*,*,#1186,.T.);
#1586=ORIENTED_EDGE('',*,*,#1190,.T.);
#1587=ORIENTED_EDGE('',*,*,#1191,.T.);
#1588=ORIENTED_EDGE('',*,*,#1102,.T.);
#1589=ORIENTED_EDGE('',*,*,#1127,.T.);
#1590=ORIENTED_EDGE('',*,*,#1157,.T.);
#1591=ORIENTED_EDGE('',*,*,#1192,.T.);
#1592=ORIENTED_EDGE('',*,*,#1193,.F.);
#1593=ORIENTED_EDGE('',*,*,#1194,.T.);
#1594=ORIENTED_EDGE('',*,*,#1195,.T.);
#1595=ORIENTED_EDGE('',*,*,#1153,.T.);
#1596=ORIENTED_EDGE('',*,*,#1139,.T.);
#1597=ORIENTED_EDGE('',*,*,#1196,.F.);
#1598=ORIENTED_EDGE('',*,*,#1197,.F.);
#1599=ORIENTED_EDGE('',*,*,#1195,.F.);
#1600=ORIENTED_EDGE('',*,*,#1184,.T.);
#1601=ORIENTED_EDGE('',*,*,#1187,.T.);
#1602=ORIENTED_EDGE('',*,*,#1189,.F.);
#1603=ORIENTED_EDGE('',*,*,#1198,.F.);
#1604=ORIENTED_EDGE('',*,*,#1199,.F.);
#1605=ORIENTED_EDGE('',*,*,#1154,.F.);
#1606=ORIENTED_EDGE('',*,*,#1192,.F.);
#1607=ORIENTED_EDGE('',*,*,#1156,.F.);
#1608=ORIENTED_EDGE('',*,*,#1200,.T.);
#1609=ORIENTED_EDGE('',*,*,#1201,.F.);
#1610=ORIENTED_EDGE('',*,*,#1190,.F.);
#1611=ORIENTED_EDGE('',*,*,#1185,.T.);
#1612=ORIENTED_EDGE('',*,*,#1182,.F.);
#1613=ORIENTED_EDGE('',*,*,#1155,.F.);
#1614=ORIENTED_EDGE('',*,*,#1199,.T.);
#1615=ORIENTED_EDGE('',*,*,#1202,.F.);
#1616=ORIENTED_EDGE('',*,*,#1200,.F.);
#1617=ORIENTED_EDGE('',*,*,#1096,.T.);
#1618=ORIENTED_EDGE('',*,*,#1128,.T.);
#1619=ORIENTED_EDGE('',*,*,#1194,.F.);
#1620=ORIENTED_EDGE('',*,*,#1203,.F.);
#1621=ORIENTED_EDGE('',*,*,#1204,.F.);
#1622=ORIENTED_EDGE('',*,*,#1205,.T.);
#1623=ORIENTED_EDGE('',*,*,#1076,.F.);
#1624=ORIENTED_EDGE('',*,*,#1206,.T.);
#1625=ORIENTED_EDGE('',*,*,#1207,.F.);
#1626=ORIENTED_EDGE('',*,*,#1206,.F.);
#1627=ORIENTED_EDGE('',*,*,#1075,.F.);
#1628=ORIENTED_EDGE('',*,*,#1064,.T.);
#1629=ORIENTED_EDGE('',*,*,#1208,.T.);
#1630=ORIENTED_EDGE('',*,*,#1209,.F.);
#1631=ORIENTED_EDGE('',*,*,#1210,.T.);
#1632=ORIENTED_EDGE('',*,*,#1079,.F.);
#1633=ORIENTED_EDGE('',*,*,#1211,.T.);
#1634=ORIENTED_EDGE('',*,*,#1212,.F.);
#1635=ORIENTED_EDGE('',*,*,#1211,.F.);
#1636=ORIENTED_EDGE('',*,*,#1078,.F.);
#1637=ORIENTED_EDGE('',*,*,#1060,.T.);
#1638=ORIENTED_EDGE('',*,*,#1213,.T.);
#1639=ORIENTED_EDGE('',*,*,#1214,.F.);
#1640=ORIENTED_EDGE('',*,*,#1208,.F.);
#1641=ORIENTED_EDGE('',*,*,#1063,.F.);
#1642=ORIENTED_EDGE('',*,*,#1215,.T.);
#1643=ORIENTED_EDGE('',*,*,#1216,.F.);
#1644=ORIENTED_EDGE('',*,*,#1215,.F.);
#1645=ORIENTED_EDGE('',*,*,#1062,.F.);
#1646=ORIENTED_EDGE('',*,*,#1077,.F.);
#1647=ORIENTED_EDGE('',*,*,#1205,.F.);
#1648=ORIENTED_EDGE('',*,*,#1216,.T.);
#1649=ORIENTED_EDGE('',*,*,#1204,.T.);
#1650=ORIENTED_EDGE('',*,*,#1207,.T.);
#1651=ORIENTED_EDGE('',*,*,#1214,.T.);
#1652=ORIENTED_EDGE('',*,*,#1217,.F.);
#1653=ORIENTED_EDGE('',*,*,#1213,.F.);
#1654=ORIENTED_EDGE('',*,*,#1059,.F.);
#1655=ORIENTED_EDGE('',*,*,#1218,.T.);
#1656=ORIENTED_EDGE('',*,*,#1219,.F.);
#1657=ORIENTED_EDGE('',*,*,#1218,.F.);
#1658=ORIENTED_EDGE('',*,*,#1058,.F.);
#1659=ORIENTED_EDGE('',*,*,#1080,.F.);
#1660=ORIENTED_EDGE('',*,*,#1210,.F.);
#1661=ORIENTED_EDGE('',*,*,#1219,.T.);
#1662=ORIENTED_EDGE('',*,*,#1209,.T.);
#1663=ORIENTED_EDGE('',*,*,#1212,.T.);
#1664=ORIENTED_EDGE('',*,*,#1217,.T.);
#1665=ORIENTED_EDGE('',*,*,#1220,.T.);
#1666=ORIENTED_EDGE('',*,*,#1221,.T.);
#1667=ORIENTED_EDGE('',*,*,#1222,.T.);
#1668=ORIENTED_EDGE('',*,*,#1223,.T.);
#1669=ORIENTED_EDGE('',*,*,#1067,.F.);
#1670=ORIENTED_EDGE('',*,*,#1224,.T.);
#1671=ORIENTED_EDGE('',*,*,#1220,.F.);
#1672=ORIENTED_EDGE('',*,*,#1225,.F.);
#1673=ORIENTED_EDGE('',*,*,#1115,.F.);
#1674=ORIENTED_EDGE('',*,*,#1112,.F.);
#1675=ORIENTED_EDGE('',*,*,#1066,.F.);
#1676=ORIENTED_EDGE('',*,*,#1074,.F.);
#1677=ORIENTED_EDGE('',*,*,#1226,.T.);
#1678=ORIENTED_EDGE('',*,*,#1081,.F.);
#1679=ORIENTED_EDGE('',*,*,#1056,.F.);
#1680=ORIENTED_EDGE('',*,*,#1111,.T.);
#1681=ORIENTED_EDGE('',*,*,#1114,.F.);
#1682=ORIENTED_EDGE('',*,*,#1117,.F.);
#1683=ORIENTED_EDGE('',*,*,#1120,.F.);
#1684=ORIENTED_EDGE('',*,*,#1227,.F.);
#1685=ORIENTED_EDGE('',*,*,#1221,.F.);
#1686=ORIENTED_EDGE('',*,*,#1224,.F.);
#1687=ORIENTED_EDGE('',*,*,#1225,.T.);
#1688=ORIENTED_EDGE('',*,*,#1223,.F.);
#1689=ORIENTED_EDGE('',*,*,#1228,.F.);
#1690=ORIENTED_EDGE('',*,*,#1121,.F.);
#1691=ORIENTED_EDGE('',*,*,#1118,.F.);
#1692=ORIENTED_EDGE('',*,*,#1227,.T.);
#1693=ORIENTED_EDGE('',*,*,#1119,.F.);
#1694=ORIENTED_EDGE('',*,*,#1228,.T.);
#1695=ORIENTED_EDGE('',*,*,#1222,.F.);
#1696=ORIENTED_EDGE('',*,*,#1229,.T.);
#1697=ORIENTED_EDGE('',*,*,#1230,.T.);
#1698=ORIENTED_EDGE('',*,*,#1231,.T.);
#1699=ORIENTED_EDGE('',*,*,#1232,.T.);
#1700=ORIENTED_EDGE('',*,*,#1230,.F.);
#1701=ORIENTED_EDGE('',*,*,#1233,.T.);
#1702=ORIENTED_EDGE('',*,*,#1089,.F.);
#1703=ORIENTED_EDGE('',*,*,#1234,.T.);
#1704=ORIENTED_EDGE('',*,*,#1229,.F.);
#1705=ORIENTED_EDGE('',*,*,#1235,.F.);
#1706=ORIENTED_EDGE('',*,*,#1132,.F.);
#1707=ORIENTED_EDGE('',*,*,#1090,.F.);
#1708=ORIENTED_EDGE('',*,*,#1233,.F.);
#1709=ORIENTED_EDGE('',*,*,#1236,.T.);
#1710=ORIENTED_EDGE('',*,*,#1050,.T.);
#1711=ORIENTED_EDGE('',*,*,#1237,.T.);
#1712=ORIENTED_EDGE('',*,*,#1238,.T.);
#1713=ORIENTED_EDGE('',*,*,#1236,.F.);
#1714=ORIENTED_EDGE('',*,*,#1239,.F.);
#1715=ORIENTED_EDGE('',*,*,#1135,.F.);
#1716=ORIENTED_EDGE('',*,*,#1086,.F.);
#1717=ORIENTED_EDGE('',*,*,#1051,.F.);
#1718=ORIENTED_EDGE('',*,*,#1240,.T.);
#1719=ORIENTED_EDGE('',*,*,#1241,.T.);
#1720=ORIENTED_EDGE('',*,*,#1242,.T.);
#1721=ORIENTED_EDGE('',*,*,#1243,.T.);
#1722=ORIENTED_EDGE('',*,*,#1241,.F.);
#1723=ORIENTED_EDGE('',*,*,#1244,.T.);
#1724=ORIENTED_EDGE('',*,*,#1069,.F.);
#1725=ORIENTED_EDGE('',*,*,#1101,.F.);
#1726=ORIENTED_EDGE('',*,*,#1245,.T.);
#1727=ORIENTED_EDGE('',*,*,#1240,.F.);
#1728=ORIENTED_EDGE('',*,*,#1246,.F.);
#1729=ORIENTED_EDGE('',*,*,#1247,.F.);
#1730=ORIENTED_EDGE('',*,*,#1070,.F.);
#1731=ORIENTED_EDGE('',*,*,#1244,.F.);
#1732=ORIENTED_EDGE('',*,*,#1248,.T.);
#1733=ORIENTED_EDGE('',*,*,#1249,.T.);
#1734=ORIENTED_EDGE('',*,*,#1250,.T.);
#1735=ORIENTED_EDGE('',*,*,#1251,.T.);
#1736=ORIENTED_EDGE('',*,*,#1249,.F.);
#1737=ORIENTED_EDGE('',*,*,#1252,.T.);
#1738=ORIENTED_EDGE('',*,*,#1093,.F.);
#1739=ORIENTED_EDGE('',*,*,#1253,.T.);
#1740=ORIENTED_EDGE('',*,*,#1248,.F.);
#1741=ORIENTED_EDGE('',*,*,#1254,.F.);
#1742=ORIENTED_EDGE('',*,*,#1129,.F.);
#1743=ORIENTED_EDGE('',*,*,#1094,.F.);
#1744=ORIENTED_EDGE('',*,*,#1252,.F.);
#1745=ORIENTED_EDGE('',*,*,#1231,.F.);
#1746=ORIENTED_EDGE('',*,*,#1234,.F.);
#1747=ORIENTED_EDGE('',*,*,#1088,.F.);
#1748=ORIENTED_EDGE('',*,*,#1134,.T.);
#1749=ORIENTED_EDGE('',*,*,#1255,.T.);
#1750=ORIENTED_EDGE('',*,*,#1232,.F.);
#1751=ORIENTED_EDGE('',*,*,#1255,.F.);
#1752=ORIENTED_EDGE('',*,*,#1133,.F.);
#1753=ORIENTED_EDGE('',*,*,#1235,.T.);
#1754=ORIENTED_EDGE('',*,*,#1250,.F.);
#1755=ORIENTED_EDGE('',*,*,#1253,.F.);
#1756=ORIENTED_EDGE('',*,*,#1092,.F.);
#1757=ORIENTED_EDGE('',*,*,#1131,.T.);
#1758=ORIENTED_EDGE('',*,*,#1256,.T.);
#1759=ORIENTED_EDGE('',*,*,#1251,.F.);
#1760=ORIENTED_EDGE('',*,*,#1256,.F.);
#1761=ORIENTED_EDGE('',*,*,#1130,.F.);
#1762=ORIENTED_EDGE('',*,*,#1254,.T.);
#1763=ORIENTED_EDGE('',*,*,#1237,.F.);
#1764=ORIENTED_EDGE('',*,*,#1049,.F.);
#1765=ORIENTED_EDGE('',*,*,#1085,.F.);
#1766=ORIENTED_EDGE('',*,*,#1137,.T.);
#1767=ORIENTED_EDGE('',*,*,#1257,.T.);
#1768=ORIENTED_EDGE('',*,*,#1238,.F.);
#1769=ORIENTED_EDGE('',*,*,#1257,.F.);
#1770=ORIENTED_EDGE('',*,*,#1136,.F.);
#1771=ORIENTED_EDGE('',*,*,#1239,.T.);
#1772=ORIENTED_EDGE('',*,*,#1242,.F.);
#1773=ORIENTED_EDGE('',*,*,#1245,.F.);
#1774=ORIENTED_EDGE('',*,*,#1100,.F.);
#1775=ORIENTED_EDGE('',*,*,#1258,.T.);
#1776=ORIENTED_EDGE('',*,*,#1259,.T.);
#1777=ORIENTED_EDGE('',*,*,#1243,.F.);
#1778=ORIENTED_EDGE('',*,*,#1259,.F.);
#1779=ORIENTED_EDGE('',*,*,#1260,.F.);
#1780=ORIENTED_EDGE('',*,*,#1246,.T.);
#1781=ORIENTED_EDGE('',*,*,#1126,.T.);
#1782=ORIENTED_EDGE('',*,*,#1105,.T.);
#1783=ORIENTED_EDGE('',*,*,#1018,.F.);
#1784=ORIENTED_EDGE('',*,*,#1046,.T.);
#1785=ORIENTED_EDGE('',*,*,#1198,.T.);
#1786=ORIENTED_EDGE('',*,*,#1188,.F.);
#1787=ORIENTED_EDGE('',*,*,#1103,.T.);
#1788=ORIENTED_EDGE('',*,*,#1191,.F.);
#1789=ORIENTED_EDGE('',*,*,#1201,.T.);
#1790=ORIENTED_EDGE('',*,*,#1202,.T.);
#1791=ORIENTED_EDGE('',*,*,#1193,.T.);
#1792=ORIENTED_EDGE('',*,*,#1181,.T.);
#1793=ORIENTED_EDGE('',*,*,#1197,.T.);
#1794=ORIENTED_EDGE('',*,*,#1261,.T.);
#1795=ORIENTED_EDGE('',*,*,#1082,.F.);
#1796=ORIENTED_EDGE('',*,*,#1226,.F.);
#1797=ORIENTED_EDGE('',*,*,#1073,.F.);
#1798=ORIENTED_EDGE('',*,*,#1262,.F.);
#1799=ORIENTED_EDGE('',*,*,#1097,.T.);
#1800=ORIENTED_EDGE('',*,*,#1203,.T.);
#1801=ORIENTED_EDGE('',*,*,#1144,.T.);
#1802=ORIENTED_EDGE('',*,*,#1151,.T.);
#1803=ORIENTED_EDGE('',*,*,#1148,.T.);
#1804=ORIENTED_EDGE('',*,*,#1152,.T.);
#1805=ORIENTED_EDGE('',*,*,#1146,.T.);
#1806=ORIENTED_EDGE('',*,*,#1004,.T.);
#1807=ORIENTED_EDGE('',*,*,#1001,.T.);
#1808=ORIENTED_EDGE('',*,*,#998,.T.);
#1809=ORIENTED_EDGE('',*,*,#995,.T.);
#1810=ORIENTED_EDGE('',*,*,#1196,.T.);
#1811=ORIENTED_EDGE('',*,*,#1138,.F.);
#1812=ORIENTED_EDGE('',*,*,#1083,.F.);
#1813=ORIENTED_EDGE('',*,*,#1261,.F.);
#1814=ORIENTED_EDGE('',*,*,#1263,.F.);
#1815=ORIENTED_EDGE('',*,*,#1098,.T.);
#1816=ORIENTED_EDGE('',*,*,#1262,.T.);
#1817=ORIENTED_EDGE('',*,*,#1072,.F.);
#1818=ORIENTED_EDGE('',*,*,#1263,.T.);
#1819=ORIENTED_EDGE('',*,*,#1071,.T.);
#1820=ORIENTED_EDGE('',*,*,#1247,.T.);
#1821=ORIENTED_EDGE('',*,*,#1260,.T.);
#1822=ORIENTED_EDGE('',*,*,#1258,.F.);
#1823=ORIENTED_EDGE('',*,*,#1099,.T.);
#1824=CYLINDRICAL_SURFACE('',#1953,1.3);
#1825=CYLINDRICAL_SURFACE('',#1956,1.3);
#1826=CYLINDRICAL_SURFACE('',#1959,1.3);
#1827=CYLINDRICAL_SURFACE('',#1962,1.9);
#1828=CYLINDRICAL_SURFACE('',#1965,1.9);
#1829=CYLINDRICAL_SURFACE('',#1968,1.9);
#1830=CYLINDRICAL_SURFACE('',#1971,1.9);
#1831=CYLINDRICAL_SURFACE('',#1992,2.);
#1832=CYLINDRICAL_SURFACE('',#2005,32.0368545767106);
#1833=CYLINDRICAL_SURFACE('',#2024,30.);
#1834=CYLINDRICAL_SURFACE('',#2028,34.0368545767106);
#1835=CYLINDRICAL_SURFACE('',#2031,2.);
#1836=CYLINDRICAL_SURFACE('',#2044,31.0368545767385);
#1837=CYLINDRICAL_SURFACE('',#2074,33.);
#1838=CYLINDRICAL_SURFACE('',#2079,33.);
#1839=CYLINDRICAL_SURFACE('',#2116,33.);
#1840=CYLINDRICAL_SURFACE('',#2118,33.);
#1841=CYLINDRICAL_SURFACE('',#2120,33.);
#1842=CYLINDRICAL_SURFACE('',#2122,33.);
#1843=ADVANCED_FACE('',(#113),#1824,.F.);
#1844=ADVANCED_FACE('',(#114),#1825,.F.);
#1845=ADVANCED_FACE('',(#115),#1826,.F.);
#1846=ADVANCED_FACE('',(#116),#1827,.F.);
#1847=ADVANCED_FACE('',(#117),#1828,.F.);
#1848=ADVANCED_FACE('',(#118),#1829,.F.);
#1849=ADVANCED_FACE('',(#119),#1830,.F.);
#1850=ADVANCED_FACE('',(#120),#43,.T.);
#1851=ADVANCED_FACE('',(#121,#25,#26,#27,#28,#29,#30,#31,#32),#44,.T.);
#1852=ADVANCED_FACE('',(#122),#45,.T.);
#1853=ADVANCED_FACE('',(#123),#46,.T.);
#1854=ADVANCED_FACE('',(#124),#47,.T.);
#1855=ADVANCED_FACE('',(#125),#48,.T.);
#1856=ADVANCED_FACE('',(#126),#49,.T.);
#1857=ADVANCED_FACE('',(#127),#50,.T.);
#1858=ADVANCED_FACE('',(#128),#51,.T.);
#1859=ADVANCED_FACE('',(#129),#1831,.T.);
#1860=ADVANCED_FACE('',(#130),#52,.F.);
#1861=ADVANCED_FACE('',(#131),#53,.T.);
#1862=ADVANCED_FACE('',(#132,#33),#54,.T.);
#1863=ADVANCED_FACE('',(#133),#1832,.T.);
#1864=ADVANCED_FACE('',(#134),#1833,.T.);
#1865=ADVANCED_FACE('',(#135),#55,.F.);
#1866=ADVANCED_FACE('',(#136),#1834,.F.);
#1867=ADVANCED_FACE('',(#137),#56,.F.);
#1868=ADVANCED_FACE('',(#138),#1835,.T.);
#1869=ADVANCED_FACE('',(#139),#57,.T.);
#1870=ADVANCED_FACE('',(#140),#58,.T.);
#1871=ADVANCED_FACE('',(#141),#59,.F.);
#1872=ADVANCED_FACE('',(#142),#60,.F.);
#1873=ADVANCED_FACE('',(#143,#34,#35),#61,.T.);
#1874=ADVANCED_FACE('',(#144),#62,.F.);
#1875=ADVANCED_FACE('',(#145),#63,.F.);
#1876=ADVANCED_FACE('',(#146),#64,.F.);
#1877=ADVANCED_FACE('',(#147),#1836,.F.);
#1878=ADVANCED_FACE('',(#148),#65,.F.);
#1879=ADVANCED_FACE('',(#149,#36),#66,.F.);
#1880=ADVANCED_FACE('',(#150),#67,.T.);
#1881=ADVANCED_FACE('',(#151),#68,.T.);
#1882=ADVANCED_FACE('',(#152),#69,.T.);
#1883=ADVANCED_FACE('',(#153),#70,.T.);
#1884=ADVANCED_FACE('',(#154),#71,.T.);
#1885=ADVANCED_FACE('',(#155),#72,.T.);
#1886=ADVANCED_FACE('',(#156),#73,.T.);
#1887=ADVANCED_FACE('',(#157),#74,.T.);
#1888=ADVANCED_FACE('',(#158,#37),#75,.T.);
#1889=ADVANCED_FACE('',(#159),#76,.F.);
#1890=ADVANCED_FACE('',(#160),#77,.F.);
#1891=ADVANCED_FACE('',(#161),#78,.T.);
#1892=ADVANCED_FACE('',(#162),#79,.T.);
#1893=ADVANCED_FACE('',(#163),#80,.T.);
#1894=ADVANCED_FACE('',(#164),#81,.F.);
#1895=ADVANCED_FACE('',(#165),#82,.F.);
#1896=ADVANCED_FACE('',(#166),#83,.F.);
#1897=ADVANCED_FACE('',(#167),#84,.T.);
#1898=ADVANCED_FACE('',(#168),#85,.F.);
#1899=ADVANCED_FACE('',(#169),#86,.T.);
#1900=ADVANCED_FACE('',(#170),#87,.F.);
#1901=ADVANCED_FACE('',(#171),#88,.T.);
#1902=ADVANCED_FACE('',(#172),#1837,.T.);
#1903=ADVANCED_FACE('',(#173),#89,.T.);
#1904=ADVANCED_FACE('',(#174),#19,.T.);
#1905=ADVANCED_FACE('',(#175),#1838,.T.);
#1906=ADVANCED_FACE('',(#176),#90,.T.);
#1907=ADVANCED_FACE('',(#177),#20,.T.);
#1908=ADVANCED_FACE('',(#178),#91,.T.);
#1909=ADVANCED_FACE('',(#179),#92,.T.);
#1910=ADVANCED_FACE('',(#180),#93,.T.);
#1911=ADVANCED_FACE('',(#181),#94,.T.);
#1912=ADVANCED_FACE('',(#182),#95,.T.);
#1913=ADVANCED_FACE('',(#183),#21,.T.);
#1914=ADVANCED_FACE('',(#184),#96,.F.);
#1915=ADVANCED_FACE('',(#185),#97,.T.);
#1916=ADVANCED_FACE('',(#186),#22,.T.);
#1917=ADVANCED_FACE('',(#187),#98,.T.);
#1918=ADVANCED_FACE('',(#188),#23,.T.);
#1919=ADVANCED_FACE('',(#189),#99,.F.);
#1920=ADVANCED_FACE('',(#190),#100,.T.);
#1921=ADVANCED_FACE('',(#191),#24,.T.);
#1922=ADVANCED_FACE('',(#192),#101,.F.);
#1923=ADVANCED_FACE('',(#193),#102,.T.);
#1924=ADVANCED_FACE('',(#194),#103,.T.);
#1925=ADVANCED_FACE('',(#195),#1839,.T.);
#1926=ADVANCED_FACE('',(#196),#104,.T.);
#1927=ADVANCED_FACE('',(#197),#1840,.T.);
#1928=ADVANCED_FACE('',(#198),#105,.T.);
#1929=ADVANCED_FACE('',(#199),#1841,.T.);
#1930=ADVANCED_FACE('',(#200),#106,.T.);
#1931=ADVANCED_FACE('',(#201),#1842,.T.);
#1932=ADVANCED_FACE('',(#202),#107,.T.);
#1933=ADVANCED_FACE('',(#203),#108,.F.);
#1934=ADVANCED_FACE('',(#204,#38,#39,#40,#41,#42),#109,.F.);
#1935=ADVANCED_FACE('',(#205),#110,.T.);
#1936=ADVANCED_FACE('',(#206),#111,.T.);
#1937=ADVANCED_FACE('',(#207),#112,.T.);
#1938=CLOSED_SHELL('',(#1843,#1844,#1845,#1846,#1847,#1848,#1849,#1850,
#1851,#1852,#1853,#1854,#1855,#1856,#1857,#1858,#1859,#1860,#1861,#1862,
#1863,#1864,#1865,#1866,#1867,#1868,#1869,#1870,#1871,#1872,#1873,#1874,
#1875,#1876,#1877,#1878,#1879,#1880,#1881,#1882,#1883,#1884,#1885,#1886,
#1887,#1888,#1889,#1890,#1891,#1892,#1893,#1894,#1895,#1896,#1897,#1898,
#1899,#1900,#1901,#1902,#1903,#1904,#1905,#1906,#1907,#1908,#1909,#1910,
#1911,#1912,#1913,#1914,#1915,#1916,#1917,#1918,#1919,#1920,#1921,#1922,
#1923,#1924,#1925,#1926,#1927,#1928,#1929,#1930,#1931,#1932,#1933,#1934,
#1935,#1936,#1937));
#1939=DERIVED_UNIT_ELEMENT(#1941,1.);
#1940=DERIVED_UNIT_ELEMENT(#3259,-3.);
#1941=(
MASS_UNIT()
NAMED_UNIT(*)
SI_UNIT(.KILO.,.GRAM.)
);
#1942=DERIVED_UNIT((#1939,#1940));
#1943=MEASURE_REPRESENTATION_ITEM('density measure',
POSITIVE_RATIO_MEASURE(7850.),#1942);
#1944=PROPERTY_DEFINITION_REPRESENTATION(#1949,#1946);
#1945=PROPERTY_DEFINITION_REPRESENTATION(#1950,#1947);
#1946=REPRESENTATION('material name',(#1948),#3256);
#1947=REPRESENTATION('density',(#1943),#3256);
#1948=DESCRIPTIVE_REPRESENTATION_ITEM('Steel','Steel');
#1949=PROPERTY_DEFINITION('material property','material name',#3271);
#1950=PROPERTY_DEFINITION('material property','density of part',#3271);
#1951=AXIS2_PLACEMENT_3D('',#2689,#2131,#2132);
#1952=AXIS2_PLACEMENT_3D('',#2690,#2133,#2134);
#1953=AXIS2_PLACEMENT_3D('',#2691,#2135,#2136);
#1954=AXIS2_PLACEMENT_3D('',#2693,#2137,#2138);
#1955=AXIS2_PLACEMENT_3D('',#2696,#2140,#2141);
#1956=AXIS2_PLACEMENT_3D('',#2697,#2142,#2143);
#1957=AXIS2_PLACEMENT_3D('',#2699,#2144,#2145);
#1958=AXIS2_PLACEMENT_3D('',#2702,#2147,#2148);
#1959=AXIS2_PLACEMENT_3D('',#2703,#2149,#2150);
#1960=AXIS2_PLACEMENT_3D('',#2705,#2151,#2152);
#1961=AXIS2_PLACEMENT_3D('',#2708,#2154,#2155);
#1962=AXIS2_PLACEMENT_3D('',#2709,#2156,#2157);
#1963=AXIS2_PLACEMENT_3D('',#2711,#2158,#2159);
#1964=AXIS2_PLACEMENT_3D('',#2714,#2161,#2162);
#1965=AXIS2_PLACEMENT_3D('',#2715,#2163,#2164);
#1966=AXIS2_PLACEMENT_3D('',#2717,#2165,#2166);
#1967=AXIS2_PLACEMENT_3D('',#2720,#2168,#2169);
#1968=AXIS2_PLACEMENT_3D('',#2721,#2170,#2171);
#1969=AXIS2_PLACEMENT_3D('',#2723,#2172,#2173);
#1970=AXIS2_PLACEMENT_3D('',#2726,#2175,#2176);
#1971=AXIS2_PLACEMENT_3D('',#2727,#2177,#2178);
#1972=AXIS2_PLACEMENT_3D('',#2729,#2179,#2180);
#1973=AXIS2_PLACEMENT_3D('',#2732,#2182,#2183);
#1974=AXIS2_PLACEMENT_3D('',#2733,#2184,#2185);
#1975=AXIS2_PLACEMENT_3D('',#2742,#2190,#2191);
#1976=AXIS2_PLACEMENT_3D('',#2749,#2194,#2195);
#1977=AXIS2_PLACEMENT_3D('',#2753,#2197,#2198);
#1978=AXIS2_PLACEMENT_3D('',#2757,#2200,#2201);
#1979=AXIS2_PLACEMENT_3D('',#2761,#2203,#2204);
#1980=AXIS2_PLACEMENT_3D('',#2765,#2206,#2207);
#1981=AXIS2_PLACEMENT_3D('',#2769,#2209,#2210);
#1982=AXIS2_PLACEMENT_3D('',#2780,#2216,#2217);
#1983=AXIS2_PLACEMENT_3D('',#2781,#2218,#2219);
#1984=AXIS2_PLACEMENT_3D('',#2787,#2223,#2224);
#1985=AXIS2_PLACEMENT_3D('',#2793,#2228,#2229);
#1986=AXIS2_PLACEMENT_3D('',#2799,#2233,#2234);
#1987=AXIS2_PLACEMENT_3D('',#2803,#2237,#2238);
#1988=AXIS2_PLACEMENT_3D('',#2807,#2241,#2242);
#1989=AXIS2_PLACEMENT_3D('',#2810,#2245,#2246);
#1990=AXIS2_PLACEMENT_3D('',#2812,#2247,#2248);
#1991=AXIS2_PLACEMENT_3D('',#2813,#2249,#2250);
#1992=AXIS2_PLACEMENT_3D('',#2814,#2251,#2252);
#1993=AXIS2_PLACEMENT_3D('',#2817,#2253,#2254);
#1994=AXIS2_PLACEMENT_3D('',#2820,#2257,#2258);
#1995=AXIS2_PLACEMENT_3D('',#2823,#2259,#2260);
#1996=AXIS2_PLACEMENT_3D('',#2827,#2262,#2263);
#1997=AXIS2_PLACEMENT_3D('',#2829,#2265,#2266);
#1998=AXIS2_PLACEMENT_3D('',#2835,#2270,#2271);
#1999=AXIS2_PLACEMENT_3D('',#2838,#2272,#2273);
#2000=AXIS2_PLACEMENT_3D('',#2842,#2275,#2276);
#2001=AXIS2_PLACEMENT_3D('',#2846,#2278,#2279);
#2002=AXIS2_PLACEMENT_3D('',#2850,#2281,#2282);
#2003=AXIS2_PLACEMENT_3D('',#2854,#2284,#2285);
#2004=AXIS2_PLACEMENT_3D('',#2858,#2287,#2288);
#2005=AXIS2_PLACEMENT_3D('',#2862,#2291,#2292);
#2006=AXIS2_PLACEMENT_3D('',#2866,#2294,#2295);
#2007=AXIS2_PLACEMENT_3D('',#2870,#2297,#2298);
#2008=AXIS2_PLACEMENT_3D('',#2874,#2300,#2301);
#2009=AXIS2_PLACEMENT_3D('',#2879,#2304,#2305);
#2010=AXIS2_PLACEMENT_3D('',#2884,#2308,#2309);
#2011=AXIS2_PLACEMENT_3D('',#2889,#2312,#2313);
#2012=AXIS2_PLACEMENT_3D('',#2893,#2315,#2316);
#2013=AXIS2_PLACEMENT_3D('',#2898,#2319,#2320);
#2014=AXIS2_PLACEMENT_3D('',#2902,#2322,#2323);
#2015=AXIS2_PLACEMENT_3D('',#2906,#2325,#2326);
#2016=AXIS2_PLACEMENT_3D('',#2910,#2328,#2329);
#2017=AXIS2_PLACEMENT_3D('',#2914,#2331,#2332);
#2018=AXIS2_PLACEMENT_3D('',#2918,#2334,#2335);
#2019=AXIS2_PLACEMENT_3D('',#2922,#2337,#2338);
#2020=AXIS2_PLACEMENT_3D('',#2925,#2340,#2341);
#2021=AXIS2_PLACEMENT_3D('',#2929,#2343,#2344);
#2022=AXIS2_PLACEMENT_3D('',#2934,#2347,#2348);
#2023=AXIS2_PLACEMENT_3D('',#2937,#2350,#2351);
#2024=AXIS2_PLACEMENT_3D('',#2939,#2353,#2354);
#2025=AXIS2_PLACEMENT_3D('',#2942,#2355,#2356);
#2026=AXIS2_PLACEMENT_3D('',#2945,#2359,#2360);
#2027=AXIS2_PLACEMENT_3D('',#2948,#2361,#2362);
#2028=AXIS2_PLACEMENT_3D('',#2951,#2365,#2366);
#2029=AXIS2_PLACEMENT_3D('',#2954,#2367,#2368);
#2030=AXIS2_PLACEMENT_3D('',#2957,#2371,#2372);
#2031=AXIS2_PLACEMENT_3D('',#2963,#2376,#2377);
#2032=AXIS2_PLACEMENT_3D('',#2965,#2378,#2379);
#2033=AXIS2_PLACEMENT_3D('',#2967,#2381,#2382);
#2034=AXIS2_PLACEMENT_3D('',#2969,#2384,#2385);
#2035=AXIS2_PLACEMENT_3D('',#2971,#2387,#2388);
#2036=AXIS2_PLACEMENT_3D('',#2972,#2389,#2390);
#2037=AXIS2_PLACEMENT_3D('',#2974,#2392,#2393);
#2038=AXIS2_PLACEMENT_3D('',#2982,#2397,#2398);
#2039=AXIS2_PLACEMENT_3D('',#2987,#2401,#2402);
#2040=AXIS2_PLACEMENT_3D('',#2992,#2405,#2406);
#2041=AXIS2_PLACEMENT_3D('',#3003,#2413,#2414);
#2042=AXIS2_PLACEMENT_3D('',#3009,#2418,#2419);
#2043=AXIS2_PLACEMENT_3D('',#3013,#2422,#2423);
#2044=AXIS2_PLACEMENT_3D('',#3019,#2427,#2428);
#2045=AXIS2_PLACEMENT_3D('',#3020,#2429,#2430);
#2046=AXIS2_PLACEMENT_3D('',#3021,#2431,#2432);
#2047=AXIS2_PLACEMENT_3D('',#3023,#2434,#2435);
#2048=AXIS2_PLACEMENT_3D('',#3046,#2448,#2449);
#2049=AXIS2_PLACEMENT_3D('',#3052,#2453,#2454);
#2050=AXIS2_PLACEMENT_3D('',#3056,#2457,#2458);
#2051=AXIS2_PLACEMENT_3D('',#3060,#2461,#2462);
#2052=AXIS2_PLACEMENT_3D('',#3066,#2466,#2467);
#2053=AXIS2_PLACEMENT_3D('',#3070,#2470,#2471);
#2054=AXIS2_PLACEMENT_3D('',#3074,#2474,#2475);
#2055=AXIS2_PLACEMENT_3D('',#3076,#2477,#2478);
#2056=AXIS2_PLACEMENT_3D('',#3078,#2480,#2481);
#2057=AXIS2_PLACEMENT_3D('',#3079,#2482,#2483);
#2058=AXIS2_PLACEMENT_3D('',#3088,#2488,#2489);
#2059=AXIS2_PLACEMENT_3D('',#3094,#2493,#2494);
#2060=AXIS2_PLACEMENT_3D('',#3101,#2499,#2500);
#2061=AXIS2_PLACEMENT_3D('',#3106,#2504,#2505);
#2062=AXIS2_PLACEMENT_3D('',#3111,#2509,#2510);
#2063=AXIS2_PLACEMENT_3D('',#3115,#2513,#2514);
#2064=AXIS2_PLACEMENT_3D('',#3119,#2517,#2518);
#2065=AXIS2_PLACEMENT_3D('',#3121,#2520,#2521);
#2066=AXIS2_PLACEMENT_3D('',#3123,#2523,#2524);
#2067=AXIS2_PLACEMENT_3D('',#3126,#2525,#2526);
#2068=AXIS2_PLACEMENT_3D('',#3129,#2529,#2530);
#2069=AXIS2_PLACEMENT_3D('',#3131,#2531,#2532);
#2070=AXIS2_PLACEMENT_3D('',#3133,#2534,#2535);
#2071=AXIS2_PLACEMENT_3D('',#3136,#2536,#2537);
#2072=AXIS2_PLACEMENT_3D('',#3139,#2540,#2541);
#2073=AXIS2_PLACEMENT_3D('',#3141,#2542,#2543);
#2074=AXIS2_PLACEMENT_3D('',#3143,#2545,#2546);
#2075=AXIS2_PLACEMENT_3D('',#3145,#2547,#2548);
#2076=AXIS2_PLACEMENT_3D('',#3147,#2550,#2551);
#2077=AXIS2_PLACEMENT_3D('',#3148,#2552,#2553);
#2078=AXIS2_PLACEMENT_3D('',#3149,#2554,#2555);
#2079=AXIS2_PLACEMENT_3D('',#3150,#2556,#2557);
#2080=AXIS2_PLACEMENT_3D('',#3152,#2558,#2559);
#2081=AXIS2_PLACEMENT_3D('',#3154,#2561,#2562);
#2082=AXIS2_PLACEMENT_3D('',#3155,#2563,#2564);
#2083=AXIS2_PLACEMENT_3D('',#3156,#2565,#2566);
#2084=AXIS2_PLACEMENT_3D('',#3157,#2567,#2568);
#2085=AXIS2_PLACEMENT_3D('',#3166,#2573,#2574);
#2086=AXIS2_PLACEMENT_3D('',#3169,#2577,#2578);
#2087=AXIS2_PLACEMENT_3D('',#3172,#2581,#2582);
#2088=AXIS2_PLACEMENT_3D('',#3174,#2584,#2585);
#2089=AXIS2_PLACEMENT_3D('',#3175,#2586,#2587);
#2090=AXIS2_PLACEMENT_3D('',#3178,#2588,#2589);
#2091=AXIS2_PLACEMENT_3D('',#3180,#2590,#2591);
#2092=AXIS2_PLACEMENT_3D('',#3182,#2592,#2593);
#2093=AXIS2_PLACEMENT_3D('',#3183,#2594,#2595);
#2094=AXIS2_PLACEMENT_3D('',#3184,#2596,#2597);
#2095=AXIS2_PLACEMENT_3D('',#3187,#2600,#2601);
#2096=AXIS2_PLACEMENT_3D('',#3189,#2603,#2604);
#2097=AXIS2_PLACEMENT_3D('',#3191,#2605,#2606);
#2098=AXIS2_PLACEMENT_3D('',#3193,#2607,#2608);
#2099=AXIS2_PLACEMENT_3D('',#3194,#2609,#2610);
#2100=AXIS2_PLACEMENT_3D('',#3195,#2611,#2612);
#2101=AXIS2_PLACEMENT_3D('',#3197,#2614,#2615);
#2102=AXIS2_PLACEMENT_3D('',#3200,#2616,#2617);
#2103=AXIS2_PLACEMENT_3D('',#3202,#2618,#2619);
#2104=AXIS2_PLACEMENT_3D('',#3204,#2620,#2621);
#2105=AXIS2_PLACEMENT_3D('',#3205,#2622,#2623);
#2106=AXIS2_PLACEMENT_3D('',#3206,#2624,#2625);
#2107=AXIS2_PLACEMENT_3D('',#3209,#2628,#2629);
#2108=AXIS2_PLACEMENT_3D('',#3213,#2632,#2633);
#2109=AXIS2_PLACEMENT_3D('',#3216,#2634,#2635);
#2110=AXIS2_PLACEMENT_3D('',#3218,#2636,#2637);
#2111=AXIS2_PLACEMENT_3D('',#3220,#2638,#2639);
#2112=AXIS2_PLACEMENT_3D('',#3221,#2640,#2641);
#2113=AXIS2_PLACEMENT_3D('',#3222,#2642,#2643);
#2114=AXIS2_PLACEMENT_3D('',#3225,#2646,#2647);
#2115=AXIS2_PLACEMENT_3D('',#3227,#2649,#2650);
#2116=AXIS2_PLACEMENT_3D('',#3229,#2652,#2653);
#2117=AXIS2_PLACEMENT_3D('',#3230,#2654,#2655);
#2118=AXIS2_PLACEMENT_3D('',#3232,#2657,#2658);
#2119=AXIS2_PLACEMENT_3D('',#3233,#2659,#2660);
#2120=AXIS2_PLACEMENT_3D('',#3235,#2662,#2663);
#2121=AXIS2_PLACEMENT_3D('',#3236,#2664,#2665);
#2122=AXIS2_PLACEMENT_3D('',#3240,#2668,#2669);
#2123=AXIS2_PLACEMENT_3D('',#3241,#2670,#2671);
#2124=AXIS2_PLACEMENT_3D('',#3242,#2672,#2673);
#2125=AXIS2_PLACEMENT_3D('',#3243,#2674,#2675);
#2126=AXIS2_PLACEMENT_3D('',#3244,#2676,#2677);
#2127=AXIS2_PLACEMENT_3D('',#3247,#2680,#2681);
#2128=AXIS2_PLACEMENT_3D('',#3248,#2682,#2683);
#2129=AXIS2_PLACEMENT_3D('',#3250,#2685,#2686);
#2130=AXIS2_PLACEMENT_3D('',#3251,#2687,#2688);
#2131=DIRECTION('axis',(0.,0.,1.));
#2132=DIRECTION('refdir',(1.,0.,0.));
#2133=DIRECTION('axis',(0.,0.,1.));
#2134=DIRECTION('refdir',(1.,0.,0.));
#2135=DIRECTION('center_axis',(0.,0.,1.));
#2136=DIRECTION('ref_axis',(1.,0.,0.));
#2137=DIRECTION('center_axis',(1.79406951696154E-16,-1.17544375104669E-17,
1.));
#2138=DIRECTION('ref_axis',(1.,0.,0.));
#2139=DIRECTION('',(0.,0.,1.));
#2140=DIRECTION('center_axis',(8.67361737988404E-17,-1.2490009027033E-16,
-1.));
#2141=DIRECTION('ref_axis',(1.,0.,0.));
#2142=DIRECTION('center_axis',(0.,0.,1.));
#2143=DIRECTION('ref_axis',(1.,0.,0.));
#2144=DIRECTION('center_axis',(1.79406951696154E-16,-1.17544375104669E-17,
1.));
#2145=DIRECTION('ref_axis',(1.,0.,0.));
#2146=DIRECTION('',(0.,0.,1.));
#2147=DIRECTION('center_axis',(8.67361737988404E-17,-1.2490009027033E-16,
-1.));
#2148=DIRECTION('ref_axis',(1.,0.,0.));
#2149=DIRECTION('center_axis',(0.,0.,1.));
#2150=DIRECTION('ref_axis',(1.,0.,0.));
#2151=DIRECTION('center_axis',(1.79406951696154E-16,-1.17544375104669E-17,
1.));
#2152=DIRECTION('ref_axis',(1.,0.,0.));
#2153=DIRECTION('',(0.,0.,1.));
#2154=DIRECTION('center_axis',(8.67361737988404E-17,-1.2490009027033E-16,
-1.));
#2155=DIRECTION('ref_axis',(1.,0.,0.));
#2156=DIRECTION('center_axis',(0.,0.,-1.));
#2157=DIRECTION('ref_axis',(-1.,0.,0.));
#2158=DIRECTION('center_axis',(8.67361737988404E-17,-1.2490009027033E-16,
-1.));
#2159=DIRECTION('ref_axis',(-1.,0.,0.));
#2160=DIRECTION('',(0.,0.,-1.));
#2161=DIRECTION('center_axis',(-8.67361737988404E-17,1.2490009027033E-16,
1.));
#2162=DIRECTION('ref_axis',(-1.,0.,0.));
#2163=DIRECTION('center_axis',(0.,0.,-1.));
#2164=DIRECTION('ref_axis',(-1.,0.,0.));
#2165=DIRECTION('center_axis',(8.67361737988404E-17,-1.2490009027033E-16,
-1.));
#2166=DIRECTION('ref_axis',(-1.,0.,0.));
#2167=DIRECTION('',(0.,0.,-1.));
#2168=DIRECTION('center_axis',(-8.67361737988404E-17,1.2490009027033E-16,
1.));
#2169=DIRECTION('ref_axis',(-1.,0.,0.));
#2170=DIRECTION('center_axis',(0.,0.,-1.));
#2171=DIRECTION('ref_axis',(-1.,0.,0.));
#2172=DIRECTION('center_axis',(8.67361737988404E-17,-1.2490009027033E-16,
-1.));
#2173=DIRECTION('ref_axis',(-1.,0.,0.));
#2174=DIRECTION('',(0.,0.,-1.));
#2175=DIRECTION('center_axis',(-8.67361737988404E-17,1.2490009027033E-16,
1.));
#2176=DIRECTION('ref_axis',(-1.,0.,0.));
#2177=DIRECTION('center_axis',(0.,0.,-1.));
#2178=DIRECTION('ref_axis',(-1.,0.,0.));
#2179=DIRECTION('center_axis',(8.67361737988404E-17,-1.2490009027033E-16,
-1.));
#2180=DIRECTION('ref_axis',(-1.,0.,0.));
#2181=DIRECTION('',(0.,0.,-1.));
#2182=DIRECTION('center_axis',(-8.67361737988404E-17,1.2490009027033E-16,
1.));
#2183=DIRECTION('ref_axis',(-1.,0.,0.));
#2184=DIRECTION('center_axis',(0.,0.,1.));
#2185=DIRECTION('ref_axis',(1.,0.,0.));
#2186=DIRECTION('',(-2.44731769893175E-29,1.,0.));
#2187=DIRECTION('',(-1.,-3.34998822433308E-29,0.));
#2188=DIRECTION('',(0.,1.,0.));
#2189=DIRECTION('',(1.,3.34998822433308E-29,0.));
#2190=DIRECTION('center_axis',(-8.67361737988404E-17,1.2490009027033E-16,
1.));
#2191=DIRECTION('ref_axis',(-5.55111512312578E-17,1.,-1.2490009027033E-16));
#2192=DIRECTION('',(1.93082265152225E-16,-1.,1.2490009027033E-16));
#2193=DIRECTION('',(-1.,5.04646829374742E-17,-8.67361737988404E-17));
#2194=DIRECTION('center_axis',(-3.53557131013501E-16,3.94430452610506E-31,
-1.));
#2195=DIRECTION('ref_axis',(1.,0.,0.));
#2196=DIRECTION('',(1.,-3.27581492978315E-17,0.));
#2197=DIRECTION('center_axis',(0.,0.,1.));
#2198=DIRECTION('ref_axis',(-1.,0.,0.));
#2199=DIRECTION('',(1.,-3.27581492978315E-17,0.));
#2200=DIRECTION('center_axis',(-8.67361737988404E-17,1.2490009027033E-16,
1.));
#2201=DIRECTION('ref_axis',(1.,0.,0.));
#2202=DIRECTION('',(-8.32667268468867E-16,1.,0.));
#2203=DIRECTION('center_axis',(0.,0.,1.));
#2204=DIRECTION('ref_axis',(-1.,0.,0.));
#2205=DIRECTION('',(-8.32667268468867E-16,1.,0.));
#2206=DIRECTION('center_axis',(-8.67361737988404E-17,1.2490009027033E-16,
1.));
#2207=DIRECTION('ref_axis',(1.,0.,0.));
#2208=DIRECTION('',(-1.,-5.15232515604769E-16,0.));
#2209=DIRECTION('center_axis',(-3.53557131013501E-16,3.94430452610506E-31,
-1.));
#2210=DIRECTION('ref_axis',(1.,0.,0.));
#2211=DIRECTION('',(1.,3.32430915840792E-29,8.67361737988404E-17));
#2212=DIRECTION('',(-1.85037170770859E-16,1.,-1.2490009027033E-16));
#2213=DIRECTION('',(1.,1.85037170770859E-16,8.67361737988404E-17));
#2214=DIRECTION('',(1.85037170770859E-16,-1.,1.2490009027033E-16));
#2215=DIRECTION('',(-1.,-3.6991879635957E-15,-8.67361737988399E-17));
#2216=DIRECTION('center_axis',(8.67361737988404E-17,-1.2490009027033E-16,
-1.));
#2217=DIRECTION('ref_axis',(-0.846977477284981,-0.531628773649405,0.));
#2218=DIRECTION('center_axis',(-3.34998822433308E-29,1.,2.96059473233375E-15));
#2219=DIRECTION('ref_axis',(1.,2.44238731827412E-29,3.06638020821242E-15));
#2220=DIRECTION('',(3.04733090613259E-15,2.96059473233375E-15,-1.));
#2221=DIRECTION('',(1.,2.44238731827412E-29,3.06638020821242E-15));
#2222=DIRECTION('',(3.04733090613259E-15,2.96059473233375E-15,-1.));
#2223=DIRECTION('center_axis',(-3.34998822433308E-29,1.,2.96059473233375E-15));
#2224=DIRECTION('ref_axis',(1.,2.44238731827412E-29,3.06638020821242E-15));
#2225=DIRECTION('',(-1.,-2.44238731827412E-29,-3.06638020821242E-15));
#2226=DIRECTION('',(3.04733090613259E-15,2.96059473233375E-15,-1.));
#2227=DIRECTION('',(3.04733090613259E-15,2.96059473233375E-15,-1.));
#2228=DIRECTION('center_axis',(-5.0464682937474E-17,-1.,-2.96059473233375E-15));
#2229=DIRECTION('ref_axis',(-1.,5.04646829374831E-17,-3.06638020821242E-15));
#2230=DIRECTION('',(1.,-5.04646829374831E-17,3.06638020821242E-15));
#2231=DIRECTION('',(3.04733090613259E-15,2.96059473233375E-15,-1.));
#2232=DIRECTION('',(3.04733090613259E-15,2.96059473233375E-15,-1.));
#2233=DIRECTION('center_axis',(1.,2.44731769893175E-29,3.04733090613259E-15));
#2234=DIRECTION('ref_axis',(3.23010145717084E-29,-1.,-2.56784924028548E-15));
#2235=DIRECTION('',(3.04733090613259E-15,2.96059473233375E-15,-1.));
#2236=DIRECTION('',(3.23010145717084E-29,-1.,-2.56784924028548E-15));
#2237=DIRECTION('center_axis',(3.34998822433308E-29,-1.,-2.96059473233375E-15));
#2238=DIRECTION('ref_axis',(-1.,-2.44238731827412E-29,-3.06638020821242E-15));
#2239=DIRECTION('',(3.04733090613259E-15,2.96059473233375E-15,-1.));
#2240=DIRECTION('',(-1.,-2.44238731827412E-29,-3.06638020821242E-15));
#2241=DIRECTION('center_axis',(1.,1.93082265152226E-16,3.04733090613259E-15));
#2242=DIRECTION('ref_axis',(1.93082265152233E-16,-1.,-2.56784924028548E-15));
#2243=DIRECTION('',(1.93082265152233E-16,-1.,-2.56784924028548E-15));
#2244=DIRECTION('',(1.93082265152233E-16,-1.,-2.56784924028548E-15));
#2245=DIRECTION('center_axis',(-3.06638020821241E-15,-2.56784924028548E-15,
1.));
#2246=DIRECTION('ref_axis',(-1.,-2.44238731827412E-29,-3.06638020821241E-15));
#2247=DIRECTION('center_axis',(-3.06638020821242E-15,-2.56784924028548E-15,
1.));
#2248=DIRECTION('ref_axis',(-0.837626604694619,0.546243234381684,-1.16581136808966E-15));
#2249=DIRECTION('center_axis',(-3.06638020821242E-15,-2.56784924028548E-15,
1.));
#2250=DIRECTION('ref_axis',(-0.837626604694619,0.546243234381684,-1.16581136808966E-15));
#2251=DIRECTION('center_axis',(0.,0.,-1.));
#2252=DIRECTION('ref_axis',(1.,1.22464679914735E-16,0.));
#2253=DIRECTION('center_axis',(0.,0.,-1.));
#2254=DIRECTION('ref_axis',(-1.,0.,0.));
#2255=DIRECTION('',(0.,0.,-1.));
#2256=DIRECTION('',(0.,0.,1.));
#2257=DIRECTION('center_axis',(-1.11574781155084E-32,-2.19824252035706E-32,
-1.));
#2258=DIRECTION('ref_axis',(1.,0.,-1.11574781155084E-32));
#2259=DIRECTION('center_axis',(1.11574781155084E-32,2.19824252035706E-32,
1.));
#2260=DIRECTION('ref_axis',(1.,0.,0.));
#2261=DIRECTION('',(0.984807753012208,-0.17364817766693,0.));
#2262=DIRECTION('center_axis',(-1.11574781155084E-32,-2.19824252035706E-32,
-1.));
#2263=DIRECTION('ref_axis',(1.,5.38289951333409E-16,-1.11574781155084E-32));
#2264=DIRECTION('',(-0.984807753012208,-0.173648177666931,0.));
#2265=DIRECTION('center_axis',(-3.27581492978315E-17,-1.,0.));
#2266=DIRECTION('ref_axis',(1.,-3.27581492978315E-17,0.));
#2267=DIRECTION('',(-1.,3.27581492978315E-17,0.));
#2268=DIRECTION('',(0.,0.,1.));
#2269=DIRECTION('',(0.,0.,-1.));
#2270=DIRECTION('center_axis',(-1.79406951696154E-16,1.17544375104669E-17,
-1.));
#2271=DIRECTION('ref_axis',(1.,5.90328869337435E-31,-1.79406951696154E-16));
#2272=DIRECTION('center_axis',(1.79406951696154E-16,-1.17544375104669E-17,
1.));
#2273=DIRECTION('ref_axis',(1.,0.,0.));
#2274=DIRECTION('',(1.,1.11022302462516E-15,-1.79406951696154E-16));
#2275=DIRECTION('center_axis',(-1.79406951696154E-16,1.17544375104669E-17,
-1.));
#2276=DIRECTION('ref_axis',(1.,0.,0.));
#2277=DIRECTION('',(0.64278760968654,-0.766044443118977,0.));
#2278=DIRECTION('center_axis',(0.,0.,-1.));
#2279=DIRECTION('ref_axis',(1.,0.,0.));
#2280=DIRECTION('',(0.342020143325669,-0.939692620785908,0.));
#2281=DIRECTION('center_axis',(-1.79406951696154E-16,1.17544375104669E-17,
-1.));
#2282=DIRECTION('ref_axis',(1.,0.,0.));
#2283=DIRECTION('',(-0.342020143325669,-0.939692620785908,0.));
#2284=DIRECTION('center_axis',(0.,0.,-1.));
#2285=DIRECTION('ref_axis',(1.,0.,0.));
#2286=DIRECTION('',(-0.642787609686539,-0.766044443118978,0.));
#2287=DIRECTION('center_axis',(-1.79406951696154E-16,1.17544375104669E-17,
-1.));
#2288=DIRECTION('ref_axis',(1.,0.,0.));
#2289=DIRECTION('',(1.,1.11022302462516E-15,-1.79406951696154E-16));
#2290=DIRECTION('',(0.,-1.,-1.1754437510467E-17));
#2291=DIRECTION('center_axis',(0.,0.,-1.));
#2292=DIRECTION('ref_axis',(1.,0.,0.));
#2293=DIRECTION('',(0.,0.,-1.));
#2294=DIRECTION('center_axis',(0.,0.,1.));
#2295=DIRECTION('ref_axis',(1.,0.,0.));
#2296=DIRECTION('',(0.,0.,-1.));
#2297=DIRECTION('center_axis',(0.,0.,-1.));
#2298=DIRECTION('ref_axis',(1.,0.,0.));
#2299=DIRECTION('',(0.,0.,1.));
#2300=DIRECTION('center_axis',(1.79406951696154E-16,1.99181728550884E-31,
1.));
#2301=DIRECTION('ref_axis',(1.,0.,0.));
#2302=DIRECTION('',(0.,0.,-1.));
#2303=DIRECTION('',(0.,0.,1.));
#2304=DIRECTION('center_axis',(1.11574781155084E-32,2.19824252035706E-32,
1.));
#2305=DIRECTION('ref_axis',(1.,0.,0.));
#2306=DIRECTION('',(0.,0.,-1.));
#2307=DIRECTION('',(0.,0.,1.));
#2308=DIRECTION('center_axis',(1.11574781155084E-32,2.19824252035706E-32,
1.));
#2309=DIRECTION('ref_axis',(1.,0.,0.));
#2310=DIRECTION('',(0.,0.,-1.));
#2311=DIRECTION('',(0.,0.,1.));
#2312=DIRECTION('center_axis',(1.79406951696154E-16,1.99181728550884E-31,
1.));
#2313=DIRECTION('ref_axis',(1.,0.,0.));
#2314=DIRECTION('',(0.,0.,-1.));
#2315=DIRECTION('center_axis',(-1.79406951696154E-16,1.17544375104669E-17,
-1.));
#2316=DIRECTION('ref_axis',(1.,0.,0.));
#2317=DIRECTION('',(0.,0.,1.));
#2318=DIRECTION('',(0.,0.,-1.));
#2319=DIRECTION('center_axis',(-1.79406951696154E-16,1.17544375104669E-17,
-1.));
#2320=DIRECTION('ref_axis',(1.,0.,0.));
#2321=DIRECTION('',(0.,0.,1.));
#2322=DIRECTION('center_axis',(1.11574781155084E-32,2.19824252035706E-32,
1.));
#2323=DIRECTION('ref_axis',(1.,0.,0.));
#2324=DIRECTION('',(0.,0.,-1.));
#2325=DIRECTION('center_axis',(-1.79406951696154E-16,1.17544375104669E-17,
-1.));
#2326=DIRECTION('ref_axis',(1.,0.,0.));
#2327=DIRECTION('',(0.,0.,1.));
#2328=DIRECTION('center_axis',(1.11574781155084E-32,2.19824252035706E-32,
1.));
#2329=DIRECTION('ref_axis',(1.,0.,0.));
#2330=DIRECTION('',(0.,0.,-1.));
#2331=DIRECTION('center_axis',(-1.79406951696154E-16,1.17544375104669E-17,
-1.));
#2332=DIRECTION('ref_axis',(1.,0.,0.));
#2333=DIRECTION('',(0.,0.,-1.));
#2334=DIRECTION('center_axis',(8.67361737988404E-17,-1.2490009027033E-16,
-1.));
#2335=DIRECTION('ref_axis',(1.,0.,0.));
#2336=DIRECTION('',(0.,0.,1.));
#2337=DIRECTION('center_axis',(0.,0.,-1.));
#2338=DIRECTION('ref_axis',(1.,0.,0.));
#2339=DIRECTION('',(0.,0.,1.));
#2340=DIRECTION('center_axis',(0.,0.,1.));
#2341=DIRECTION('ref_axis',(1.,0.,0.));
#2342=DIRECTION('',(0.,0.,1.));
#2343=DIRECTION('center_axis',(0.,0.,1.));
#2344=DIRECTION('ref_axis',(1.,0.,0.));
#2345=DIRECTION('',(0.,0.,-1.));
#2346=DIRECTION('',(0.,0.,1.));
#2347=DIRECTION('center_axis',(0.,0.,1.));
#2348=DIRECTION('ref_axis',(1.,0.,0.));
#2349=DIRECTION('',(0.,0.,-1.));
#2350=DIRECTION('center_axis',(0.,0.,1.));
#2351=DIRECTION('ref_axis',(1.,0.,0.));
#2352=DIRECTION('',(0.,0.,1.));
#2353=DIRECTION('center_axis',(0.,0.,-1.));
#2354=DIRECTION('ref_axis',(1.,0.,0.));
#2355=DIRECTION('center_axis',(0.,0.,1.));
#2356=DIRECTION('ref_axis',(1.,0.,0.));
#2357=DIRECTION('',(0.,0.,-1.));
#2358=DIRECTION('',(0.,0.,-1.));
#2359=DIRECTION('center_axis',(0.,0.,-1.));
#2360=DIRECTION('ref_axis',(1.,0.,0.));
#2361=DIRECTION('center_axis',(0.,0.,1.));
#2362=DIRECTION('ref_axis',(1.,0.,0.));
#2363=DIRECTION('',(-1.,4.81248232804384E-17,0.));
#2364=DIRECTION('',(0.,-1.,0.));
#2365=DIRECTION('center_axis',(0.,0.,1.));
#2366=DIRECTION('ref_axis',(1.,0.,0.));
#2367=DIRECTION('center_axis',(0.,0.,-1.));
#2368=DIRECTION('ref_axis',(1.,0.,0.));
#2369=DIRECTION('',(0.,0.,-1.));
#2370=DIRECTION('',(0.,0.,1.));
#2371=DIRECTION('center_axis',(0.,0.,-1.));
#2372=DIRECTION('ref_axis',(1.,0.,0.));
#2373=DIRECTION('',(0.,1.,0.));
#2374=DIRECTION('',(-1.,4.81248232804384E-17,0.));
#2375=DIRECTION('',(0.322215453110584,-0.946666362440718,0.));
#2376=DIRECTION('center_axis',(0.,0.,-1.));
#2377=DIRECTION('ref_axis',(1.83697019872103E-16,-1.,0.));
#2378=DIRECTION('center_axis',(0.,0.,1.));
#2379=DIRECTION('ref_axis',(-1.,0.,0.));
#2380=DIRECTION('',(0.,0.,1.));
#2381=DIRECTION('center_axis',(-3.27581492978315E-17,-1.,0.));
#2382=DIRECTION('ref_axis',(1.,-3.27581492978315E-17,0.));
#2383=DIRECTION('',(-1.,3.27581492978315E-17,0.));
#2384=DIRECTION('center_axis',(1.,5.22457893941251E-16,0.));
#2385=DIRECTION('ref_axis',(-5.22457893941251E-16,1.,1.1754437510467E-17));
#2386=DIRECTION('',(-5.22457893941251E-16,1.,0.));
#2387=DIRECTION('center_axis',(0.,0.,-1.));
#2388=DIRECTION('ref_axis',(1.,0.,0.));
#2389=DIRECTION('center_axis',(0.,0.,-1.));
#2390=DIRECTION('ref_axis',(1.,0.,0.));
#2391=DIRECTION('',(-5.22457893941251E-16,1.,0.));
#2392=DIRECTION('center_axis',(-1.79406951696154E-16,1.17544375104669E-17,
-1.));
#2393=DIRECTION('ref_axis',(1.,5.90328869337435E-31,-1.79406951696154E-16));
#2394=DIRECTION('',(1.,5.15232515604769E-16,0.));
#2395=DIRECTION('',(1.2335811384724E-15,-1.,0.));
#2396=DIRECTION('',(-0.642787609686539,0.766044443118978,0.));
#2397=DIRECTION('center_axis',(0.,0.,-1.));
#2398=DIRECTION('ref_axis',(1.,0.,0.));
#2399=DIRECTION('',(-0.342020143325669,0.939692620785908,0.));
#2400=DIRECTION('',(0.342020143325669,0.939692620785909,0.));
#2401=DIRECTION('center_axis',(0.,0.,-1.));
#2402=DIRECTION('ref_axis',(1.,0.,0.));
#2403=DIRECTION('',(0.642787609686539,0.766044443118978,0.));
#2404=DIRECTION('',(0.984807753012208,0.173648177666931,0.));
#2405=DIRECTION('center_axis',(0.,0.,-1.));
#2406=DIRECTION('ref_axis',(1.,0.,0.));
#2407=DIRECTION('',(0.984807753012208,-0.17364817766693,0.));
#2408=DIRECTION('',(-5.92118946466752E-16,1.,1.17544375104671E-17));
#2409=DIRECTION('',(1.,5.15232515604769E-16,0.));
#2410=DIRECTION('',(0.,1.,1.1754437510467E-17));
#2411=DIRECTION('',(-1.,-5.55111512312574E-15,1.79406951696154E-16));
#2412=DIRECTION('',(0.,-1.,-1.1754437510467E-17));
#2413=DIRECTION('center_axis',(-1.,-1.85037170770859E-16,0.));
#2414=DIRECTION('ref_axis',(0.,0.,1.));
#2415=DIRECTION('',(0.,0.,1.));
#2416=DIRECTION('',(1.85037170770859E-16,-1.,1.2490009027033E-16));
#2417=DIRECTION('',(0.,0.,1.));
#2418=DIRECTION('center_axis',(-1.85037170770859E-16,1.,0.));
#2419=DIRECTION('ref_axis',(0.,0.,1.));
#2420=DIRECTION('',(-1.,-1.85037170770859E-16,-8.67361737988404E-17));
#2421=DIRECTION('',(0.,0.,-1.));
#2422=DIRECTION('center_axis',(3.6991879635957E-15,-1.,0.));
#2423=DIRECTION('ref_axis',(1.,3.6991879635957E-15,1.83730776713351E-32));
#2424=DIRECTION('',(1.,3.6991879635957E-15,8.67361737988399E-17));
#2425=DIRECTION('',(0.,0.,1.));
#2426=DIRECTION('',(0.,0.,1.));
#2427=DIRECTION('center_axis',(0.,0.,1.));
#2428=DIRECTION('ref_axis',(-0.846977477284981,-0.531628773649405,0.));
#2429=DIRECTION('center_axis',(-8.67361737988404E-17,1.2490009027033E-16,
1.));
#2430=DIRECTION('ref_axis',(-0.846977477284981,-0.531628773649405,0.));
#2431=DIRECTION('center_axis',(1.,1.03146934665383E-15,0.));
#2432=DIRECTION('ref_axis',(-1.03146934665383E-15,1.,-1.14647990611822E-31));
#2433=DIRECTION('',(-1.85037170770859E-16,1.,-1.2490009027033E-16));
#2434=DIRECTION('center_axis',(-1.35734421654083E-16,2.84530970405298E-16,
-1.));
#2435=DIRECTION('ref_axis',(-4.66293670342565E-15,1.,2.84530970405298E-16));
#2436=DIRECTION('',(1.,5.15232515604769E-16,0.));
#2437=DIRECTION('',(-4.66293670342565E-15,1.,1.17544375104678E-17));
#2438=DIRECTION('',(-1.,-4.66293670342565E-15,1.79406951696154E-16));
#2439=DIRECTION('',(4.66293670342565E-15,-1.,-1.17544375104678E-17));
#2440=DIRECTION('',(1.,5.15232515604769E-16,0.));
#2441=DIRECTION('',(-4.66293670342565E-15,1.,2.84530970405298E-16));
#2442=DIRECTION('',(1.,0.,0.));
#2443=DIRECTION('',(-5.55111512312574E-15,1.,0.));
#2444=DIRECTION('',(4.66293670342565E-15,-1.,-2.84530970405298E-16));
#2445=DIRECTION('',(-1.,-4.66293670342565E-15,1.35734421654082E-16));
#2446=DIRECTION('',(-4.66293670342565E-15,1.,2.84530970405298E-16));
#2447=DIRECTION('',(1.,4.66293670342565E-15,-1.35734421654082E-16));
#2448=DIRECTION('center_axis',(-1.,0.,0.));
#2449=DIRECTION('ref_axis',(0.,0.,1.));
#2450=DIRECTION('',(0.,0.,-1.));
#2451=DIRECTION('',(4.66293670342565E-15,-1.,-2.84530970405298E-16));
#2452=DIRECTION('',(0.,0.,1.));
#2453=DIRECTION('center_axis',(-5.55111512312574E-15,1.,0.));
#2454=DIRECTION('ref_axis',(0.,0.,1.));
#2455=DIRECTION('',(0.,0.,-1.));
#2456=DIRECTION('',(-1.,-4.66293670342565E-15,1.35734421654082E-16));
#2457=DIRECTION('center_axis',(1.,0.,0.));
#2458=DIRECTION('ref_axis',(0.,0.,-1.));
#2459=DIRECTION('',(0.,0.,-1.));
#2460=DIRECTION('',(-4.66293670342565E-15,1.,2.84530970405298E-16));
#2461=DIRECTION('center_axis',(4.66293670342565E-15,-1.,0.));
#2462=DIRECTION('ref_axis',(-1.,-4.66293670342565E-15,1.35734421654082E-16));
#2463=DIRECTION('',(0.,0.,-1.));
#2464=DIRECTION('',(-1.,-4.66293670342565E-15,1.35734421654082E-16));
#2465=DIRECTION('',(0.,0.,-1.));
#2466=DIRECTION('center_axis',(-1.,-4.66293670342565E-15,0.));
#2467=DIRECTION('ref_axis',(-4.66293670342565E-15,1.,2.84530970405298E-16));
#2468=DIRECTION('',(-4.66293670342565E-15,1.,2.84530970405298E-16));
#2469=DIRECTION('',(0.,0.,-1.));
#2470=DIRECTION('center_axis',(-4.66293670342565E-15,1.,0.));
#2471=DIRECTION('ref_axis',(1.,4.66293670342565E-15,-1.35734421654082E-16));
#2472=DIRECTION('',(1.,4.66293670342565E-15,-1.35734421654082E-16));
#2473=DIRECTION('',(0.,0.,-1.));
#2474=DIRECTION('center_axis',(1.,4.66293670342565E-15,0.));
#2475=DIRECTION('ref_axis',(4.66293670342565E-15,-1.,-2.84530970405298E-16));
#2476=DIRECTION('',(4.66293670342565E-15,-1.,-2.84530970405298E-16));
#2477=DIRECTION('center_axis',(4.66293670342565E-15,-1.,0.));
#2478=DIRECTION('ref_axis',(-1.,-4.66293670342565E-15,1.35734421654082E-16));
#2479=DIRECTION('',(1.,0.,0.));
#2480=DIRECTION('center_axis',(-1.35734421654083E-16,2.84530970405298E-16,
-1.));
#2481=DIRECTION('ref_axis',(-4.66293670342565E-15,1.,2.84530970405298E-16));
#2482=DIRECTION('center_axis',(1.2335811384724E-15,-1.,-3.42387545668842E-31));
#2483=DIRECTION('ref_axis',(1.,1.2335811384724E-15,-1.8435881162314E-16));
#2484=DIRECTION('',(1.,1.2335811384724E-15,8.67361737988402E-17));
#2485=DIRECTION('',(2.77555756156289E-16,0.,1.));
#2486=DIRECTION('',(1.,1.2335811384724E-15,-1.8435881162314E-16));
#2487=DIRECTION('',(2.77555756156289E-16,0.,1.));
#2488=DIRECTION('center_axis',(2.77555756156289E-16,0.,1.));
#2489=DIRECTION('ref_axis',(1.,0.,-2.77555756156289E-16));
#2490=DIRECTION('',(4.66293670342565E-15,-1.,-2.84530970405314E-16));
#2491=DIRECTION('',(-1.,-8.32667268468867E-16,2.77555756156289E-16));
#2492=DIRECTION('',(-4.66293670342565E-15,1.,2.84530970405314E-16));
#2493=DIRECTION('center_axis',(-8.32667268468867E-16,1.,0.));
#2494=DIRECTION('ref_axis',(0.,0.,1.));
#2495=DIRECTION('',(-1.,-8.32667268468867E-16,0.));
#2496=DIRECTION('',(2.77555756156289E-16,2.31111593326468E-31,1.));
#2497=DIRECTION('',(-2.77555756156289E-16,-2.31111593326468E-31,-1.));
#2498=DIRECTION('',(-1.,-8.32667268468867E-16,0.));
#2499=DIRECTION('center_axis',(1.2335811384724E-15,-1.,0.));
#2500=DIRECTION('ref_axis',(0.,0.,-1.));
#2501=DIRECTION('',(2.77555756156289E-16,3.42387545668842E-31,1.));
#2502=DIRECTION('',(1.,1.2335811384724E-15,8.67361737988402E-17));
#2503=DIRECTION('',(0.,0.,-1.));
#2504=DIRECTION('center_axis',(1.2335811384724E-15,-1.,0.));
#2505=DIRECTION('ref_axis',(0.,0.,-1.));
#2506=DIRECTION('',(-2.77555756156289E-16,-3.42387545668842E-31,-1.));
#2507=DIRECTION('',(0.,0.,-1.));
#2508=DIRECTION('',(1.,1.2335811384724E-15,8.67361737988402E-17));
#2509=DIRECTION('center_axis',(1.,4.66293670342565E-15,-2.77555756156289E-16));
#2510=DIRECTION('ref_axis',(-4.66293670342565E-15,1.,2.84530970405314E-16));
#2511=DIRECTION('',(4.66293670342565E-15,-1.,0.));
#2512=DIRECTION('',(2.77555756156289E-16,0.,1.));
#2513=DIRECTION('center_axis',(-1.,-4.66293670342565E-15,2.77555756156289E-16));
#2514=DIRECTION('ref_axis',(4.66293670342565E-15,-1.,-2.84530970405314E-16));
#2515=DIRECTION('',(2.77555756156289E-16,0.,1.));
#2516=DIRECTION('',(-4.66293670342565E-15,1.,0.));
#2517=DIRECTION('center_axis',(-4.66293670342565E-15,1.,1.29422492262822E-30));
#2518=DIRECTION('ref_axis',(-1.,-4.66293670342565E-15,1.84358811623139E-16));
#2519=DIRECTION('',(1.,4.66293670342565E-15,0.));
#2520=DIRECTION('center_axis',(-1.,-1.2335811384724E-15,0.));
#2521=DIRECTION('ref_axis',(0.,0.,-1.));
#2522=DIRECTION('',(1.2335811384724E-15,-1.,1.2490009027033E-16));
#2523=DIRECTION('center_axis',(-1.11574781155084E-32,-2.19824252035706E-32,
-1.));
#2524=DIRECTION('ref_axis',(1.,0.,-1.11574781155084E-32));
#2525=DIRECTION('center_axis',(-1.11574781155084E-32,-2.19824252035706E-32,
-1.));
#2526=DIRECTION('ref_axis',(-0.5,-0.866025403784438,2.46160777208377E-32));
#2527=DIRECTION('',(0.342020143325669,0.939692620785908,0.));
#2528=DIRECTION('',(-0.642787609686539,-0.766044443118978,0.));
#2529=DIRECTION('center_axis',(-0.766044443118978,0.642787609686539,0.));
#2530=DIRECTION('ref_axis',(-0.642787609686539,-0.766044443118978,0.));
#2531=DIRECTION('center_axis',(0.766044443118978,-0.642787609686539,0.));
#2532=DIRECTION('ref_axis',(-0.642787609686539,-0.766044443118978,2.40114033614714E-32));
#2533=DIRECTION('',(0.,0.,1.));
#2534=DIRECTION('center_axis',(-1.11574781155084E-32,-2.19824252035706E-32,
-1.));
#2535=DIRECTION('ref_axis',(1.,0.,-1.11574781155084E-32));
#2536=DIRECTION('center_axis',(-1.11574781155084E-32,-2.19824252035706E-32,
-1.));
#2537=DIRECTION('ref_axis',(0.500000000000001,-0.866025403784438,1.34585996053293E-32));
#2538=DIRECTION('',(-0.64278760968654,0.766044443118977,0.));
#2539=DIRECTION('',(0.342020143325669,-0.939692620785908,0.));
#2540=DIRECTION('center_axis',(-0.939692620785908,-0.342020143325669,0.));
#2541=DIRECTION('ref_axis',(0.342020143325669,-0.939692620785908,0.));
#2542=DIRECTION('center_axis',(0.939692620785908,0.342020143325669,0.));
#2543=DIRECTION('ref_axis',(0.342020143325669,-0.939692620785908,1.68406404865543E-32));
#2544=DIRECTION('',(0.,0.,1.));
#2545=DIRECTION('center_axis',(0.,0.,1.));
#2546=DIRECTION('ref_axis',(1.,0.,0.));
#2547=DIRECTION('center_axis',(1.11574781155084E-32,2.19824252035706E-32,
1.));
#2548=DIRECTION('ref_axis',(-0.5,-0.866025403784438,0.));
#2549=DIRECTION('',(0.,0.,1.));
#2550=DIRECTION('center_axis',(0.939692620785908,-0.342020143325669,0.));
#2551=DIRECTION('ref_axis',(0.342020143325669,0.939692620785908,0.));
#2552=DIRECTION('center_axis',(-0.939692620785908,0.342020143325669,0.));
#2553=DIRECTION('ref_axis',(-0.342020143325669,-0.939692620785908,2.44728050149927E-32));
#2554=DIRECTION('center_axis',(1.11574781155084E-32,2.19824252035706E-32,
1.));
#2555=DIRECTION('ref_axis',(1.,0.,0.));
#2556=DIRECTION('center_axis',(0.,0.,1.));
#2557=DIRECTION('ref_axis',(1.,0.,0.));
#2558=DIRECTION('center_axis',(1.11574781155084E-32,2.19824252035706E-32,
1.));
#2559=DIRECTION('ref_axis',(0.500000000000001,-0.866025403784438,0.));
#2560=DIRECTION('',(0.,0.,1.));
#2561=DIRECTION('center_axis',(0.766044443118977,0.64278760968654,0.));
#2562=DIRECTION('ref_axis',(-0.64278760968654,0.766044443118977,0.));
#2563=DIRECTION('center_axis',(-0.766044443118977,-0.64278760968654,0.));
#2564=DIRECTION('ref_axis',(0.64278760968654,-0.766044443118977,9.6676259854763E-33));
#2565=DIRECTION('center_axis',(1.11574781155084E-32,2.19824252035706E-32,
1.));
#2566=DIRECTION('ref_axis',(1.,0.,0.));
#2567=DIRECTION('center_axis',(0.,0.,-1.));
#2568=DIRECTION('ref_axis',(1.,0.,0.));
#2569=DIRECTION('',(0.,1.,0.));
#2570=DIRECTION('',(1.,0.,0.));
#2571=DIRECTION('',(0.,-1.,0.));
#2572=DIRECTION('',(-0.322215453110584,0.946666362440718,0.));
#2573=DIRECTION('center_axis',(-1.,0.,0.));
#2574=DIRECTION('ref_axis',(0.,1.,3.34911111548833E-32));
#2575=DIRECTION('',(0.,0.,-1.));
#2576=DIRECTION('',(0.,0.,-1.));
#2577=DIRECTION('center_axis',(0.,1.,0.));
#2578=DIRECTION('ref_axis',(1.,0.,0.));
#2579=DIRECTION('',(1.,1.01072190449366E-15,-1.79406951696154E-16));
#2580=DIRECTION('',(0.,0.,1.));
#2581=DIRECTION('center_axis',(-0.946666362440718,-0.322215453110584,0.));
#2582=DIRECTION('ref_axis',(-0.322215453110584,0.946666362440718,0.));
#2583=DIRECTION('',(0.,0.,-1.));
#2584=DIRECTION('center_axis',(1.,0.,0.));
#2585=DIRECTION('ref_axis',(0.,-1.,0.));
#2586=DIRECTION('center_axis',(1.11574781155084E-32,2.19824252035706E-32,
1.));
#2587=DIRECTION('ref_axis',(1.,0.,0.));
#2588=DIRECTION('center_axis',(0.939692620785909,-0.342020143325669,0.));
#2589=DIRECTION('ref_axis',(0.342020143325669,0.939692620785909,-2.44728050149927E-32));
#2590=DIRECTION('center_axis',(-1.11574781155084E-32,-2.19824252035706E-32,
-1.));
#2591=DIRECTION('ref_axis',(0.5,0.866025403784439,-2.46160777208377E-32));
#2592=DIRECTION('center_axis',(-0.766044443118978,0.642787609686539,0.));
#2593=DIRECTION('ref_axis',(0.642787609686539,0.766044443118978,-2.40114033614714E-32));
#2594=DIRECTION('center_axis',(1.11574781155084E-32,2.19824252035706E-32,
1.));
#2595=DIRECTION('ref_axis',(0.5,0.866025403784439,0.));
#2596=DIRECTION('center_axis',(-1.11574781155084E-32,-2.19824252035706E-32,
-1.));
#2597=DIRECTION('ref_axis',(1.,0.,-1.11574781155084E-32));
#2598=DIRECTION('',(-0.342020143325669,-0.939692620785909,0.));
#2599=DIRECTION('',(0.642787609686539,0.766044443118978,0.));
#2600=DIRECTION('center_axis',(-0.939692620785909,0.342020143325669,0.));
#2601=DIRECTION('ref_axis',(-0.342020143325669,-0.939692620785909,0.));
#2602=DIRECTION('',(0.,0.,1.));
#2603=DIRECTION('center_axis',(1.11574781155084E-32,2.19824252035706E-32,
1.));
#2604=DIRECTION('ref_axis',(1.,0.,0.));
#2605=DIRECTION('center_axis',(0.173648177666931,-0.984807753012208,0.));
#2606=DIRECTION('ref_axis',(0.984807753012208,0.173648177666931,-1.48051790295164E-32));
#2607=DIRECTION('center_axis',(0.17364817766693,0.984807753012208,0.));
#2608=DIRECTION('ref_axis',(0.984807753012208,-0.17364817766693,-7.17076287491711E-33));
#2609=DIRECTION('center_axis',(1.11574781155084E-32,2.19824252035706E-32,
1.));
#2610=DIRECTION('ref_axis',(1.,5.38289951333409E-16,0.));
#2611=DIRECTION('center_axis',(-0.173648177666931,0.984807753012208,0.));
#2612=DIRECTION('ref_axis',(-0.984807753012208,-0.173648177666931,0.));
#2613=DIRECTION('',(0.,0.,1.));
#2614=DIRECTION('center_axis',(0.,0.,1.));
#2615=DIRECTION('ref_axis',(-1.,-1.07657990266682E-16,0.));
#2616=DIRECTION('center_axis',(-0.17364817766693,0.984807753012208,0.));
#2617=DIRECTION('ref_axis',(-0.984807753012208,-0.17364817766693,0.));
#2618=DIRECTION('center_axis',(0.,0.,-1.));
#2619=DIRECTION('ref_axis',(-1.,-1.34572487833352E-16,0.));
#2620=DIRECTION('center_axis',(-0.17364817766693,-0.984807753012208,0.));
#2621=DIRECTION('ref_axis',(-0.984807753012208,0.17364817766693,0.));
#2622=DIRECTION('center_axis',(0.,0.,1.));
#2623=DIRECTION('ref_axis',(-1.,-1.34572487833352E-16,0.));
#2624=DIRECTION('center_axis',(0.,0.,-1.));
#2625=DIRECTION('ref_axis',(1.,0.,0.));
#2626=DIRECTION('',(0.984807753012208,0.17364817766693,0.));
#2627=DIRECTION('',(-0.984807753012208,0.17364817766693,0.));
#2628=DIRECTION('center_axis',(0.17364817766693,-0.984807753012208,0.));
#2629=DIRECTION('ref_axis',(0.984807753012208,0.17364817766693,0.));
#2630=DIRECTION('',(0.,0.,1.));
#2631=DIRECTION('',(-0.984807753012208,-0.17364817766693,0.));
#2632=DIRECTION('center_axis',(1.11574781155084E-32,2.19824252035706E-32,
1.));
#2633=DIRECTION('ref_axis',(1.,0.,0.));
#2634=DIRECTION('center_axis',(0.766044443118978,0.642787609686539,0.));
#2635=DIRECTION('ref_axis',(-0.642787609686539,0.766044443118978,-9.66762598547632E-33));
#2636=DIRECTION('center_axis',(-1.11574781155084E-32,-2.19824252035706E-32,
-1.));
#2637=DIRECTION('ref_axis',(-0.5,0.866025403784438,-1.34585996053293E-32));
#2638=DIRECTION('center_axis',(-0.939692620785908,-0.342020143325669,0.));
#2639=DIRECTION('ref_axis',(-0.342020143325669,0.939692620785908,-1.68406404865543E-32));
#2640=DIRECTION('center_axis',(1.11574781155084E-32,2.19824252035706E-32,
1.));
#2641=DIRECTION('ref_axis',(-0.5,0.866025403784438,0.));
#2642=DIRECTION('center_axis',(-1.11574781155084E-32,-2.19824252035706E-32,
-1.));
#2643=DIRECTION('ref_axis',(1.,0.,-1.11574781155084E-32));
#2644=DIRECTION('',(0.642787609686539,-0.766044443118978,0.));
#2645=DIRECTION('',(-0.342020143325669,0.939692620785908,0.));
#2646=DIRECTION('center_axis',(-0.766044443118978,-0.642787609686539,0.));
#2647=DIRECTION('ref_axis',(0.642787609686539,-0.766044443118978,0.));
#2648=DIRECTION('',(0.,0.,1.));
#2649=DIRECTION('center_axis',(0.766044443118978,-0.642787609686539,0.));
#2650=DIRECTION('ref_axis',(0.642787609686539,0.766044443118978,0.));
#2651=DIRECTION('',(0.,0.,1.));
#2652=DIRECTION('center_axis',(0.,0.,1.));
#2653=DIRECTION('ref_axis',(1.,0.,0.));
#2654=DIRECTION('center_axis',(0.939692620785908,0.342020143325669,0.));
#2655=DIRECTION('ref_axis',(-0.342020143325669,0.939692620785908,0.));
#2656=DIRECTION('',(0.,0.,1.));
#2657=DIRECTION('center_axis',(0.,0.,1.));
#2658=DIRECTION('ref_axis',(1.,0.,0.));
#2659=DIRECTION('center_axis',(-0.17364817766693,-0.984807753012208,0.));
#2660=DIRECTION('ref_axis',(0.984807753012208,-0.17364817766693,0.));
#2661=DIRECTION('',(0.,0.,1.));
#2662=DIRECTION('center_axis',(0.,0.,1.));
#2663=DIRECTION('ref_axis',(1.,0.,0.));
#2664=DIRECTION('center_axis',(0.17364817766693,0.984807753012208,0.));
#2665=DIRECTION('ref_axis',(-0.984807753012208,0.17364817766693,0.));
#2666=DIRECTION('',(-0.984807753012208,0.17364817766693,0.));
#2667=DIRECTION('',(0.,0.,1.));
#2668=DIRECTION('center_axis',(0.,0.,1.));
#2669=DIRECTION('ref_axis',(-1.,1.22464679914735E-16,0.));
#2670=DIRECTION('center_axis',(0.,0.,-1.));
#2671=DIRECTION('ref_axis',(1.,0.,0.));
#2672=DIRECTION('center_axis',(1.,5.22457893941251E-16,0.));
#2673=DIRECTION('ref_axis',(-5.22457893941251E-16,1.,1.1754437510467E-17));
#2674=DIRECTION('center_axis',(0.,0.,-1.));
#2675=DIRECTION('ref_axis',(1.,0.,0.));
#2676=DIRECTION('center_axis',(-8.67361737988404E-17,1.2490009027033E-16,
1.));
#2677=DIRECTION('ref_axis',(-5.55111512312578E-17,1.,-1.2490009027033E-16));
#2678=DIRECTION('',(5.92118946466752E-16,-1.,-1.17544375104671E-17));
#2679=DIRECTION('',(4.89804275569923E-16,-1.,0.));
#2680=DIRECTION('center_axis',(-1.,-5.92118946466752E-16,0.));
#2681=DIRECTION('ref_axis',(5.92118946466752E-16,-1.,-1.17544375104671E-17));
#2682=DIRECTION('center_axis',(1.,5.04850257852858E-16,0.));
#2683=DIRECTION('ref_axis',(-5.04850257852858E-16,1.,0.));
#2684=DIRECTION('',(5.04850257852858E-16,-1.,0.));
#2685=DIRECTION('center_axis',(0.,0.,-1.));
#2686=DIRECTION('ref_axis',(1.,0.,0.));
#2687=DIRECTION('',(0.,0.,1.));
#2688=DIRECTION('',(1.,0.,0.));
#2689=CARTESIAN_POINT('',(0.,0.,0.));
#2690=CARTESIAN_POINT('',(0.,0.,0.));
#2691=CARTESIAN_POINT('Origin',(-0.83160175902981,34.4444608974656,-6.01172829768729E-15));
#2692=CARTESIAN_POINT('',(-2.13160175902981,34.4444608974656,-6.01172829768729E-15));
#2693=CARTESIAN_POINT('Origin',(-0.83160175902981,34.4444608974656,-6.34908787047982E-15));
#2694=CARTESIAN_POINT('',(-2.13160175902981,34.4444608974656,6.99999999999999));
#2695=CARTESIAN_POINT('',(-2.13160175902981,34.4444608974656,-6.01172829768729E-15));
#2696=CARTESIAN_POINT('Origin',(-0.83160175902981,34.4444608974656,7.00000000000002));
#2697=CARTESIAN_POINT('Origin',(15.1057475078763,-0.555539102534371,-6.01172829768729E-15));
#2698=CARTESIAN_POINT('',(13.8057475078763,-0.555539102534371,-6.01172829768729E-15));
#2699=CARTESIAN_POINT('Origin',(15.1057475078763,-0.555539102534371,-6.34908787047982E-15));
#2700=CARTESIAN_POINT('',(13.8057475078763,-0.555539102534371,6.99999999999999));
#2701=CARTESIAN_POINT('',(13.8057475078763,-0.555539102534371,-6.01172829768729E-15));
#2702=CARTESIAN_POINT('Origin',(15.1057475078763,-0.555539102534371,7.00000000000002));
#2703=CARTESIAN_POINT('Origin',(50.4735173785152,16.8316318934421,-6.01172829768729E-15));
#2704=CARTESIAN_POINT('',(49.1735173785152,16.8316318934421,-6.01172829768729E-15));
#2705=CARTESIAN_POINT('Origin',(50.4735173785152,16.8316318934421,-6.34908787047982E-15));
#2706=CARTESIAN_POINT('',(49.1735173785152,16.8316318934421,6.99999999999999));
#2707=CARTESIAN_POINT('',(49.1735173785152,16.8316318934421,-6.01172829768729E-15));
#2708=CARTESIAN_POINT('Origin',(50.4735173785152,16.8316318934421,7.00000000000002));
#2709=CARTESIAN_POINT('Origin',(30.2795173785151,10.8186307706695,7.00000000000002));
#2710=CARTESIAN_POINT('',(32.1795173785151,10.8186307706695,7.00000000000002));
#2711=CARTESIAN_POINT('Origin',(30.2795173785151,10.8186307706695,7.00000000000002));
#2712=CARTESIAN_POINT('',(32.1795173785151,10.8186307706695,3.00000000000002));
#2713=CARTESIAN_POINT('',(32.1795173785151,10.8186307706695,7.00000000000002));
#2714=CARTESIAN_POINT('Origin',(30.2795173785151,10.8186307706695,3.00000000000002));
#2715=CARTESIAN_POINT('Origin',(13.2795173785151,10.8186307706695,7.00000000000002));
#2716=CARTESIAN_POINT('',(15.1795173785151,10.8186307706695,7.00000000000002));
#2717=CARTESIAN_POINT('Origin',(13.2795173785151,10.8186307706695,7.00000000000002));
#2718=CARTESIAN_POINT('',(15.1795173785151,10.8186307706695,3.00000000000002));
#2719=CARTESIAN_POINT('',(15.1795173785151,10.8186307706695,7.00000000000002));
#2720=CARTESIAN_POINT('Origin',(13.2795173785151,10.8186307706695,3.00000000000002));
#2721=CARTESIAN_POINT('Origin',(30.2795173785151,27.8186307706695,7.00000000000002));
#2722=CARTESIAN_POINT('',(32.1795173785151,27.8186307706695,7.00000000000002));
#2723=CARTESIAN_POINT('Origin',(30.2795173785151,27.8186307706695,7.00000000000002));
#2724=CARTESIAN_POINT('',(32.1795173785151,27.8186307706695,3.00000000000002));
#2725=CARTESIAN_POINT('',(32.1795173785151,27.8186307706695,7.00000000000002));
#2726=CARTESIAN_POINT('Origin',(30.2795173785151,27.8186307706695,3.00000000000002));
#2727=CARTESIAN_POINT('Origin',(13.2795173785151,27.8186307706695,7.00000000000002));
#2728=CARTESIAN_POINT('',(15.1795173785151,27.8186307706695,7.00000000000002));
#2729=CARTESIAN_POINT('Origin',(13.2795173785151,27.8186307706695,7.00000000000002));
#2730=CARTESIAN_POINT('',(15.1795173785151,27.8186307706695,3.00000000000002));
#2731=CARTESIAN_POINT('',(15.1795173785151,27.8186307706695,7.00000000000002));
#2732=CARTESIAN_POINT('Origin',(13.2795173785151,27.8186307706695,3.00000000000002));
#2733=CARTESIAN_POINT('Origin',(0.968863720996329,19.478251478787,8.50000000000002));
#2734=CARTESIAN_POINT('',(-8.34178993652247,10.7282514787871,8.50000000000002));
#2735=CARTESIAN_POINT('',(-8.34178993652247,28.2282514787869,8.50000000000002));
#2736=CARTESIAN_POINT('',(-8.34178993652248,23.8532514787869,8.50000000000002));
#2737=CARTESIAN_POINT('',(10.2795173785151,10.7282514787871,8.50000000000002));
#2738=CARTESIAN_POINT('',(-3.68646310776308,10.7282514787871,8.50000000000002));
#2739=CARTESIAN_POINT('',(10.2795173785151,28.2282514787869,8.50000000000002));
#2740=CARTESIAN_POINT('',(10.2795173785151,10.7282514787871,8.50000000000002));
#2741=CARTESIAN_POINT('',(5.62419054975573,28.2282514787869,8.50000000000002));
#2742=CARTESIAN_POINT('Origin',(25.3961438565312,19.3186307706695,7.00000000000002));
#2743=CARTESIAN_POINT('',(10.2795173785151,29.2282514787869,6.99999999999984));
#2744=CARTESIAN_POINT('',(10.2795173785151,9.72825147878711,6.99999999999979));
#2745=CARTESIAN_POINT('',(10.2795173785151,15.0234411247283,7.00000000000002));
#2746=CARTESIAN_POINT('',(-8.74839894688857,9.72825147878711,6.99999999999973));
#2747=CARTESIAN_POINT('',(17.8378306175231,9.7282514787871,7.00000000000002));
#2748=CARTESIAN_POINT('',(-3.63911237673751,-0.0555391025343216,6.99999999999999));
#2749=CARTESIAN_POINT('Origin',(21.7795173785151,19.4445458340676,7.00000000000001));
#2750=CARTESIAN_POINT('',(13.1692558347727,-0.0555391025343224,7.00000000000002));
#2751=CARTESIAN_POINT('',(47.1981471337678,-0.0555391025343233,6.99999999999999));
#2752=CARTESIAN_POINT('',(17.04223918098,-0.0555391025343235,7.00000000000002));
#2753=CARTESIAN_POINT('Origin',(15.1057475078763,-0.555539102534371,7.00000000000002));
#2754=CARTESIAN_POINT('',(47.1981471337678,-0.0555391025343233,6.99999999999999));
#2755=CARTESIAN_POINT('',(47.1981471337678,-0.0555391025343233,6.99999999999999));
#2756=CARTESIAN_POINT('',(50.9730173785151,6.24986474965699,7.00000000000002));
#2757=CARTESIAN_POINT('Origin',(21.7795173785151,19.4445458340676,7.00000000000002));
#2758=CARTESIAN_POINT('',(50.9730173785151,14.8950111897419,7.00000000000002));
#2759=CARTESIAN_POINT('',(50.9730173785151,35.9444608974657,7.00000000000002));
#2760=CARTESIAN_POINT('',(50.9730173785151,18.7682525971422,7.00000000000002));
#2761=CARTESIAN_POINT('Origin',(50.4735173785152,16.8316318934421,7.00000000000002));
#2762=CARTESIAN_POINT('',(50.9730173785151,32.6392269184782,7.00000000000002));
#2763=CARTESIAN_POINT('',(50.9730173785151,35.9444608974657,7.00000000000002));
#2764=CARTESIAN_POINT('',(48.6144391027005,36.9444608974657,7.00000000000002));
#2765=CARTESIAN_POINT('Origin',(21.7795173785151,19.4445458340676,7.00000000000002));
#2766=CARTESIAN_POINT('',(-5.05540434567026,36.9444608974657,7.00000000000001));
#2767=CARTESIAN_POINT('',(-2.02698262148488,36.9444608974657,7.00000000000002));
#2768=CARTESIAN_POINT('',(-8.72686154502794,29.2282514787869,6.99999999999978));
#2769=CARTESIAN_POINT('Origin',(21.7795173785151,19.4445458340676,7.00000000000001));
#2770=CARTESIAN_POINT('',(8.33464115575162,29.2282514787869,7.00000000000002));
#2771=CARTESIAN_POINT('',(-6.31295017234404,6.24986474965696,7.00000000000002));
#2772=CARTESIAN_POINT('',(-6.31295017234404,9.24986474965696,7.00000000000002));
#2773=CARTESIAN_POINT('',(-6.31295017234405,12.7842477601632,7.00000000000002));
#2774=CARTESIAN_POINT('',(-2.72048262148484,9.24986474965696,7.00000000000002));
#2775=CARTESIAN_POINT('',(11.3378306175232,9.24986474965696,7.00000000000002));
#2776=CARTESIAN_POINT('',(-2.72048262148484,2.9444608974657,7.00000000000002));
#2777=CARTESIAN_POINT('',(-2.72048262148484,12.7842477601632,7.00000000000002));
#2778=CARTESIAN_POINT('',(-4.50799941369521,2.94446089746569,7.00000000000002));
#2779=CARTESIAN_POINT('',(10.444072221418,2.94446089746575,7.00000000000002));
#2780=CARTESIAN_POINT('Origin',(21.7795173785716,19.4445458340321,7.00000000000002));
#2781=CARTESIAN_POINT('Origin',(-8.34178993652248,10.7282514787871,9.99999999999974));
#2782=CARTESIAN_POINT('',(-8.34178993652248,10.7282514787871,9.99999999999974));
#2783=CARTESIAN_POINT('',(-8.34178993652248,10.7282514787871,9.99999999999974));
#2784=CARTESIAN_POINT('',(10.2795173785151,10.7282514787871,9.99999999999979));
#2785=CARTESIAN_POINT('',(-8.34178993652248,10.7282514787871,9.99999999999974));
#2786=CARTESIAN_POINT('',(10.2795173785151,10.7282514787871,9.99999999999979));
#2787=CARTESIAN_POINT('Origin',(-8.72686154502794,29.2282514787869,9.99999999999978));
#2788=CARTESIAN_POINT('',(10.2795173785151,29.2282514787869,9.99999999999984));
#2789=CARTESIAN_POINT('',(-8.72686154502795,29.2282514787869,9.99999999999978));
#2790=CARTESIAN_POINT('',(12.6582100634773,29.2282514787869,9.99999999999985));
#2791=CARTESIAN_POINT('',(10.2795173785151,29.2282514787869,9.99999999999984));
#2792=CARTESIAN_POINT('',(-8.72686154502795,29.2282514787869,9.99999999999978));
#2793=CARTESIAN_POINT('Origin',(10.2795173785151,9.7282514787871,9.99999999999979));
#2794=CARTESIAN_POINT('',(-8.74839894688858,9.7282514787871,9.99999999999973));
#2795=CARTESIAN_POINT('',(10.2795173785151,9.7282514787871,9.99999999999979));
#2796=CARTESIAN_POINT('',(-9.34178993652249,9.7282514787871,9.99999999999973));
#2797=CARTESIAN_POINT('',(-8.74839894688858,9.7282514787871,9.99999999999973));
#2798=CARTESIAN_POINT('',(10.2795173785151,9.7282514787871,9.99999999999979));
#2799=CARTESIAN_POINT('Origin',(-8.34178993652248,28.2282514787869,9.99999999999978));
#2800=CARTESIAN_POINT('',(-8.34178993652248,28.2282514787869,9.99999999999978));
#2801=CARTESIAN_POINT('',(-8.34178993652248,28.2282514787869,9.99999999999978));
#2802=CARTESIAN_POINT('',(-8.34178993652248,28.2282514787869,9.99999999999978));
#2803=CARTESIAN_POINT('Origin',(10.2795173785151,28.2282514787869,9.99999999999984));
#2804=CARTESIAN_POINT('',(10.2795173785151,28.2282514787869,9.99999999999984));
#2805=CARTESIAN_POINT('',(10.2795173785151,28.2282514787869,9.99999999999984));
#2806=CARTESIAN_POINT('',(11.6582100634774,28.2282514787869,9.99999999999984));
#2807=CARTESIAN_POINT('Origin',(10.2795173785151,29.2282514787869,9.99999999999984));
#2808=CARTESIAN_POINT('',(10.2795173785151,30.8186307706695,9.99999999999985));
#2809=CARTESIAN_POINT('',(10.2795173785151,30.8186307706695,9.99999999999985));
#2810=CARTESIAN_POINT('Origin',(0.468863720996318,19.478251478787,9.99999999999979));
#2811=CARTESIAN_POINT('',(-10.2573371981955,19.4445458340676,9.99999999999978));
#2812=CARTESIAN_POINT('Origin',(21.7795173785151,19.4445458340676,9.99999999999985));
#2813=CARTESIAN_POINT('Origin',(21.7795173785151,19.4445458340676,9.99999999999985));
#2814=CARTESIAN_POINT('Origin',(50.4735173785152,16.8316318934421,7.00000000000002));
#2815=CARTESIAN_POINT('',(50.9730173785151,18.7682525971422,1.99999999999999));
#2816=CARTESIAN_POINT('',(50.9730173785151,14.8950111897419,1.99999999999999));
#2817=CARTESIAN_POINT('Origin',(50.4735173785152,16.8316318934421,1.99999999999999));
#2818=CARTESIAN_POINT('',(50.9730173785151,18.7682525971422,2.00000000000002));
#2819=CARTESIAN_POINT('',(50.9730173785151,14.8950111897419,7.00000000000002));
#2820=CARTESIAN_POINT('Origin',(54.0545887631497,19.4445458340676,0.799999999999994));
#2821=CARTESIAN_POINT('',(53.3296601477844,13.8814044186413,0.799999999999994));
#2822=CARTESIAN_POINT('',(53.3296601477844,25.0076872494939,0.799999999999994));
#2823=CARTESIAN_POINT('Origin',(21.7795173785151,19.4445458340676,0.799999999999994));
#2824=CARTESIAN_POINT('',(53.7857693514119,13.8009800598924,0.799999999999994));
#2825=CARTESIAN_POINT('',(21.7795173785151,19.4445458340676,0.799999999999994));
#2826=CARTESIAN_POINT('',(53.7857693514119,25.0881116082428,0.799999999999994));
#2827=CARTESIAN_POINT('Origin',(21.7795173785151,19.4445458340676,0.799999999999994));
#2828=CARTESIAN_POINT('',(21.7795173785151,19.4445458340676,0.799999999999994));
#2829=CARTESIAN_POINT('Origin',(-3.63911237673751,-0.0555391025343216,1.99999999999999));
#2830=CARTESIAN_POINT('',(47.1981471337678,-0.0555391025343233,1.99999999999999));
#2831=CARTESIAN_POINT('',(17.04223918098,-0.0555391025343223,1.99999999999999));
#2832=CARTESIAN_POINT('',(9.07020250088881,-0.0555391025343216,1.99999999999999));
#2833=CARTESIAN_POINT('',(47.1981471337678,-0.0555391025343233,1.99999999999999));
#2834=CARTESIAN_POINT('',(17.04223918098,-0.0555391025343223,7.00000000000002));
#2835=CARTESIAN_POINT('Origin',(24.4730173785151,18.9444608974657,-6.34908787047982E-15));
#2836=CARTESIAN_POINT('',(32.746717898409,-8.47893018086366,-6.52540443313683E-15));
#2837=CARTESIAN_POINT('',(46.1464422401328,1.94446089746574,-6.52540443313683E-15));
#2838=CARTESIAN_POINT('Origin',(21.7795173785151,19.4445458340676,-6.34908787047982E-15));
#2839=CARTESIAN_POINT('',(48.6143283221574,1.9444608974657,-1.11022302462516E-14));
#2840=CARTESIAN_POINT('',(36.7230173785151,1.94446089746574,-8.74664846643565E-15));
#2841=CARTESIAN_POINT('',(42.3724105537542,-5.09710858943236,-6.52540443313683E-15));
#2842=CARTESIAN_POINT('Origin',(21.7795173785151,19.4445458340676,-6.66133814775094E-15));
#2843=CARTESIAN_POINT('',(42.991508498171,-5.83492078885868,-6.52540443313683E-15));
#2844=CARTESIAN_POINT('',(21.7795173785151,19.4445458340676,-6.52540443313683E-15));
#2845=CARTESIAN_POINT('',(33.0661821082622,-11.5653106518674,-6.52540443313683E-15));
#2846=CARTESIAN_POINT('Origin',(21.7795173785151,19.4445458340676,-6.52540443313683E-15));
#2847=CARTESIAN_POINT('',(32.7367669725453,-10.6602500048586,-6.52540443313683E-15));
#2848=CARTESIAN_POINT('',(21.7795173785151,19.4445458340676,-6.52540443313683E-15));
#2849=CARTESIAN_POINT('',(10.822267784485,-10.6602500048586,-6.52540443313683E-15));
#2850=CARTESIAN_POINT('Origin',(21.7795173785151,19.4445458340676,-6.66133814775094E-15));
#2851=CARTESIAN_POINT('',(10.4928526487681,-11.5653106518674,-6.52540443313683E-15));
#2852=CARTESIAN_POINT('',(21.7795173785151,19.4445458340676,-6.52540443313683E-15));
#2853=CARTESIAN_POINT('',(0.567526258859319,-5.8349207888587,-6.52540443313683E-15));
#2854=CARTESIAN_POINT('Origin',(21.7795173785151,19.4445458340676,-6.52540443313683E-15));
#2855=CARTESIAN_POINT('',(1.18662420327604,-5.09710858943238,-6.52540443313683E-15));
#2856=CARTESIAN_POINT('',(21.7795173785151,19.4445458340676,-6.52540443313683E-15));
#2857=CARTESIAN_POINT('',(-5.05529356512715,1.94446089746569,-2.22044604925031E-15));
#2858=CARTESIAN_POINT('Origin',(21.7795173785151,19.4445458340676,-6.66133814775094E-15));
#2859=CARTESIAN_POINT('',(32.746717898409,1.94446089746574,-6.52540443313683E-15));
#2860=CARTESIAN_POINT('',(36.7230173785151,1.94446089746574,-8.74664846643565E-15));
#2861=CARTESIAN_POINT('',(32.746717898409,5.23276535830102,-7.99462052837852E-15));
#2862=CARTESIAN_POINT('Origin',(21.7795173785151,19.4445458340676,14.));
#2863=CARTESIAN_POINT('',(-10.2573371981955,19.4445458340676,0.799999999999994));
#2864=CARTESIAN_POINT('',(-10.2573371981955,19.4445458340676,14.));
#2865=CARTESIAN_POINT('',(-9.77062539075412,13.8814044186413,0.799999999999994));
#2866=CARTESIAN_POINT('Origin',(21.7795173785151,19.4445458340676,0.799999999999994));
#2867=CARTESIAN_POINT('',(-9.77062539075412,13.8814044186413,-6.52540443313683E-15));
#2868=CARTESIAN_POINT('',(-9.77062539075412,13.8814044186413,14.));
#2869=CARTESIAN_POINT('',(-7.41398262148487,6.24986474965695,-6.52540443313683E-15));
#2870=CARTESIAN_POINT('Origin',(21.7795173785151,19.4445458340676,-6.52540443313683E-15));
#2871=CARTESIAN_POINT('',(-7.41398262148486,6.24986474965694,2.99999999999999));
#2872=CARTESIAN_POINT('',(-7.41398262148487,6.24986474965695,-6.52540443313683E-15));
#2873=CARTESIAN_POINT('',(-5.05529356512715,1.94446089746569,3.));
#2874=CARTESIAN_POINT('Origin',(21.7795173785151,19.4445458340676,2.99999999999999));
#2875=CARTESIAN_POINT('',(-5.05529356512715,1.94446089746569,14.));
#2876=CARTESIAN_POINT('',(1.18662420327604,-5.09710858943238,0.799999999999994));
#2877=CARTESIAN_POINT('',(1.18662420327604,-5.09710858943238,14.));
#2878=CARTESIAN_POINT('',(10.822267784485,-10.6602500048586,0.799999999999994));
#2879=CARTESIAN_POINT('Origin',(21.7795173785151,19.4445458340676,0.799999999999994));
#2880=CARTESIAN_POINT('',(10.822267784485,-10.6602500048586,14.));
#2881=CARTESIAN_POINT('',(32.7367669725453,-10.6602500048586,0.799999999999994));
#2882=CARTESIAN_POINT('',(32.7367669725453,-10.6602500048586,14.));
#2883=CARTESIAN_POINT('',(42.3724105537542,-5.09710858943236,0.799999999999994));
#2884=CARTESIAN_POINT('Origin',(21.7795173785151,19.4445458340676,0.799999999999994));
#2885=CARTESIAN_POINT('',(42.3724105537542,-5.09710858943236,14.));
#2886=CARTESIAN_POINT('',(48.6143283221574,1.94446089746574,2.99999999999999));
#2887=CARTESIAN_POINT('',(48.6143283221574,1.94446089746575,14.));
#2888=CARTESIAN_POINT('',(48.9730173785151,2.50720221355544,2.99999999999999));
#2889=CARTESIAN_POINT('Origin',(21.7795173785151,19.4445458340676,2.99999999999999));
#2890=CARTESIAN_POINT('',(48.9730173785151,2.50720221355544,-1.11022302462516E-14));
#2891=CARTESIAN_POINT('',(48.9730173785151,2.50720221355544,14.));
#2892=CARTESIAN_POINT('',(53.3296601477844,13.8814044186413,-6.52540443313683E-15));
#2893=CARTESIAN_POINT('Origin',(21.7795173785151,19.4445458340676,-6.66133814775094E-15));
#2894=CARTESIAN_POINT('',(53.3296601477844,13.8814044186413,14.));
#2895=CARTESIAN_POINT('',(53.3296601477844,25.0076872494939,-6.52540443313683E-15));
#2896=CARTESIAN_POINT('',(53.3296601477844,25.0076872494939,14.));
#2897=CARTESIAN_POINT('',(42.3724105537542,43.9862002575676,-6.52540443313683E-15));
#2898=CARTESIAN_POINT('Origin',(21.7795173785151,19.4445458340676,-6.66133814775094E-15));
#2899=CARTESIAN_POINT('',(42.3724105537542,43.9862002575676,0.799999999999994));
#2900=CARTESIAN_POINT('',(42.3724105537542,43.9862002575676,14.));
#2901=CARTESIAN_POINT('',(32.7367669725453,49.5493416729938,0.799999999999994));
#2902=CARTESIAN_POINT('Origin',(21.7795173785151,19.4445458340676,0.799999999999994));
#2903=CARTESIAN_POINT('',(32.7367669725453,49.5493416729938,-6.52540443313683E-15));
#2904=CARTESIAN_POINT('',(32.7367669725453,49.5493416729938,14.));
#2905=CARTESIAN_POINT('',(10.8222677844849,49.5493416729938,-6.52540443313683E-15));
#2906=CARTESIAN_POINT('Origin',(21.7795173785151,19.4445458340676,-6.66133814775094E-15));
#2907=CARTESIAN_POINT('',(10.8222677844849,49.5493416729938,0.799999999999994));
#2908=CARTESIAN_POINT('',(10.8222677844849,49.5493416729938,14.));
#2909=CARTESIAN_POINT('',(1.18662420327604,43.9862002575675,0.799999999999994));
#2910=CARTESIAN_POINT('Origin',(21.7795173785151,19.4445458340676,0.799999999999994));
#2911=CARTESIAN_POINT('',(1.18662420327604,43.9862002575675,-6.52540443313683E-15));
#2912=CARTESIAN_POINT('',(1.18662420327604,43.9862002575676,14.));
#2913=CARTESIAN_POINT('',(-6.78816566235372,33.9444608974657,-6.66133814775094E-15));
#2914=CARTESIAN_POINT('Origin',(21.7795173785151,19.4445458340676,-6.66133814775094E-15));
#2915=CARTESIAN_POINT('',(-6.78816566235372,33.9444608974657,2.99999999999999));
#2916=CARTESIAN_POINT('',(-6.78816566235373,33.9444608974656,14.));
#2917=CARTESIAN_POINT('',(-7.41398262148488,32.6392269184782,2.99999999999999));
#2918=CARTESIAN_POINT('Origin',(21.7795173785151,19.4445458340676,3.00000000000002));
#2919=CARTESIAN_POINT('',(-7.41398262148488,32.6392269184782,-6.52540443313683E-15));
#2920=CARTESIAN_POINT('',(-7.41398262148488,32.6392269184782,-6.52540443313683E-15));
#2921=CARTESIAN_POINT('',(-9.77062539075412,25.0076872494938,-6.52540443313683E-15));
#2922=CARTESIAN_POINT('Origin',(21.7795173785151,19.4445458340676,-6.52540443313683E-15));
#2923=CARTESIAN_POINT('',(-9.77062539075412,25.0076872494938,0.799999999999994));
#2924=CARTESIAN_POINT('',(-9.77062539075413,25.0076872494938,14.));
#2925=CARTESIAN_POINT('Origin',(21.7795173785151,19.4445458340676,0.799999999999994));
#2926=CARTESIAN_POINT('',(-5.05540434567028,36.9444608974656,1.99999999999999));
#2927=CARTESIAN_POINT('',(-5.05540434567027,36.9444608974657,14.));
#2928=CARTESIAN_POINT('',(48.6144391027005,36.9444608974657,1.99999999999999));
#2929=CARTESIAN_POINT('Origin',(21.7795173785151,19.4445458340676,1.99999999999999));
#2930=CARTESIAN_POINT('',(48.6144391027005,36.9444608974657,14.));
#2931=CARTESIAN_POINT('',(50.9730173785151,32.6392269184782,1.99999999999999));
#2932=CARTESIAN_POINT('',(50.9730173785151,32.6392269184782,14.));
#2933=CARTESIAN_POINT('',(50.9730173785151,6.24986474965695,1.99999999999999));
#2934=CARTESIAN_POINT('Origin',(21.7795173785151,19.4445458340676,1.99999999999999));
#2935=CARTESIAN_POINT('',(50.9730173785151,6.24986474965697,14.));
#2936=CARTESIAN_POINT('',(-3.63911237673751,-0.0555391025343216,1.99999999999999));
#2937=CARTESIAN_POINT('Origin',(21.7795173785151,19.4445458340676,1.99999999999999));
#2938=CARTESIAN_POINT('',(-3.63911237673751,-0.0555391025343216,1.99999999999999));
#2939=CARTESIAN_POINT('Origin',(21.7795173785151,19.4445458340676,-6.52540443313683E-15));
#2940=CARTESIAN_POINT('',(32.746717898409,-8.47893018086367,-0.500000000000007));
#2941=CARTESIAN_POINT('',(46.1464422401328,1.94446089746573,-0.500000000000007));
#2942=CARTESIAN_POINT('Origin',(21.7795173785151,19.4445458340676,-0.500000000000044));
#2943=CARTESIAN_POINT('',(46.1464422401328,1.94446089746574,-6.52540443313683E-15));
#2944=CARTESIAN_POINT('',(32.746717898409,-8.47893018086366,-6.52540443313683E-15));
#2945=CARTESIAN_POINT('Origin',(44.2815449268174,-30.5554541659324,-0.500000000000044));
#2946=CARTESIAN_POINT('',(32.746717898409,-12.7769994769908,-0.500000000000044));
#2947=CARTESIAN_POINT('',(50.9729155480991,1.94446089746573,-0.500000000000007));
#2948=CARTESIAN_POINT('Origin',(21.7795173785151,19.4445458340676,-0.500000000000044));
#2949=CARTESIAN_POINT('',(32.746717898409,1.94446089746574,-0.500000000000007));
#2950=CARTESIAN_POINT('',(32.746717898409,-12.7769994769908,-0.500000000000007));
#2951=CARTESIAN_POINT('Origin',(21.7795173785151,19.4445458340676,-0.500000000000044));
#2952=CARTESIAN_POINT('',(50.9729155480991,1.94446089746573,4.49999999999999));
#2953=CARTESIAN_POINT('',(32.746717898409,-12.7769994769908,4.49999999999996));
#2954=CARTESIAN_POINT('Origin',(21.7795173785151,19.4445458340676,4.49999999999996));
#2955=CARTESIAN_POINT('',(50.9729155480991,1.94446089746573,-0.500000000000044));
#2956=CARTESIAN_POINT('',(32.746717898409,-12.7769994769908,-0.500000000000044));
#2957=CARTESIAN_POINT('Origin',(44.2815449268174,-30.5554541659324,4.49999999999996));
#2958=CARTESIAN_POINT('',(55.8163719552257,-80.5554541659324,4.49999999999996));
#2959=CARTESIAN_POINT('',(55.8163719552257,1.94446089746573,4.49999999999996));
#2960=CARTESIAN_POINT('',(55.8163719552257,-80.5554541659324,4.49999999999996));
#2961=CARTESIAN_POINT('',(47.6272302374582,1.94446089746573,4.49999999999996));
#2962=CARTESIAN_POINT('',(55.8163719552257,-80.5554541659324,4.49999999999996));
#2963=CARTESIAN_POINT('Origin',(15.1057475078763,-0.555539102534371,7.00000000000002));
#2964=CARTESIAN_POINT('',(13.1692558347727,-0.0555391025343222,1.99999999999999));
#2965=CARTESIAN_POINT('Origin',(15.1057475078763,-0.555539102534371,1.99999999999999));
#2966=CARTESIAN_POINT('',(13.1692558347727,-0.0555391025343222,7.00000000000002));
#2967=CARTESIAN_POINT('Origin',(-3.63911237673751,-0.0555391025343216,1.99999999999999));
#2968=CARTESIAN_POINT('',(9.07020250088881,-0.0555391025343216,1.99999999999999));
#2969=CARTESIAN_POINT('Origin',(50.9730173785151,1.94446089746574,-1.13031975281058E-14));
#2970=CARTESIAN_POINT('',(50.9730173785151,10.6945033657667,1.99999999999999));
#2971=CARTESIAN_POINT('Origin',(21.7795173785151,-5.32392392258865,1.99999999999999));
#2972=CARTESIAN_POINT('Origin',(52.3946946668704,19.4445458340676,1.99999999999999));
#2973=CARTESIAN_POINT('',(50.9730173785151,10.6945033657667,1.99999999999999));
#2974=CARTESIAN_POINT('Origin',(24.4730173785151,18.9444608974657,-6.34908787047982E-15));
#2975=CARTESIAN_POINT('',(-6.78816566235372,32.1444608974657,-6.66133814775094E-15));
#2976=CARTESIAN_POINT('',(2.47951737851486,32.1444608974657,3.72075262335298E-14));
#2977=CARTESIAN_POINT('',(-2.02698262148487,32.1444608974656,-6.52540443313683E-15));
#2978=CARTESIAN_POINT('',(-6.78816566235372,33.9444608974657,-6.66133814775094E-15));
#2979=CARTESIAN_POINT('',(0.567526258859323,44.7240124569939,-6.52540443313683E-15));
#2980=CARTESIAN_POINT('',(21.7795173785151,19.4445458340676,-6.52540443313683E-15));
#2981=CARTESIAN_POINT('',(10.492852648768,50.4544023200026,-6.52540443313683E-15));
#2982=CARTESIAN_POINT('Origin',(21.7795173785151,19.4445458340676,-6.52540443313683E-15));
#2983=CARTESIAN_POINT('',(21.7795173785151,19.4445458340676,-6.52540443313683E-15));
#2984=CARTESIAN_POINT('',(33.0661821082622,50.4544023200026,-6.52540443313683E-15));
#2985=CARTESIAN_POINT('',(21.7795173785151,19.4445458340676,-6.52540443313683E-15));
#2986=CARTESIAN_POINT('',(42.9915084981709,44.7240124569939,-6.52540443313683E-15));
#2987=CARTESIAN_POINT('Origin',(21.7795173785151,19.4445458340676,-6.52540443313683E-15));
#2988=CARTESIAN_POINT('',(21.7795173785151,19.4445458340676,-6.52540443313683E-15));
#2989=CARTESIAN_POINT('',(54.278173227918,25.1749356970763,-6.52540443313683E-15));
#2990=CARTESIAN_POINT('',(21.7795173785151,19.4445458340676,-6.52540443313683E-15));
#2991=CARTESIAN_POINT('',(54.278173227918,13.7141559710589,-6.52540443313683E-15));
#2992=CARTESIAN_POINT('Origin',(21.7795173785151,19.4445458340676,-6.52540443313683E-15));
#2993=CARTESIAN_POINT('',(21.7795173785151,19.4445458340676,-6.52540443313683E-15));
#2994=CARTESIAN_POINT('',(48.9730173785151,32.1444608974657,-1.0547118733939E-14));
#2995=CARTESIAN_POINT('',(48.9730173785151,33.9444608974657,-1.05682416243786E-14));
#2996=CARTESIAN_POINT('',(41.1795173785149,32.1444608974657,3.33066907387547E-14));
#2997=CARTESIAN_POINT('',(-2.02698262148487,32.1444608974656,-6.52540443313683E-15));
#2998=CARTESIAN_POINT('',(41.1795173785148,44.2444608974659,3.33066907387547E-14));
#2999=CARTESIAN_POINT('',(41.1795173785148,31.4444608974658,-9.19941964011073E-15));
#3000=CARTESIAN_POINT('',(2.4795173785148,44.2444608974657,3.99680288865056E-14));
#3001=CARTESIAN_POINT('',(13.6262673785149,44.2444608974657,-4.10571824815471E-15));
#3002=CARTESIAN_POINT('',(2.47951737851486,25.4444608974657,-2.32689723453238E-15));
#3003=CARTESIAN_POINT('Origin',(-6.31295017234404,6.24986474965696,3.00000000000002));
#3004=CARTESIAN_POINT('',(-6.31295017234404,6.24986474965696,3.00000000000002));
#3005=CARTESIAN_POINT('',(-6.31295017234404,6.24986474965696,3.00000000000002));
#3006=CARTESIAN_POINT('',(-6.31295017234404,9.24986474965696,3.00000000000002));
#3007=CARTESIAN_POINT('',(-6.31295017234405,12.7842477601632,3.00000000000002));
#3008=CARTESIAN_POINT('',(-6.31295017234404,9.24986474965696,3.00000000000002));
#3009=CARTESIAN_POINT('Origin',(-2.72048262148484,9.24986474965696,3.00000000000002));
#3010=CARTESIAN_POINT('',(-2.72048262148484,9.24986474965696,3.00000000000002));
#3011=CARTESIAN_POINT('',(11.3378306175232,9.24986474965696,3.00000000000002));
#3012=CARTESIAN_POINT('',(-2.72048262148484,9.24986474965696,3.00000000000002));
#3013=CARTESIAN_POINT('Origin',(-4.50799941369521,2.94446089746569,3.00000000000002));
#3014=CARTESIAN_POINT('',(-4.50799941369521,2.94446089746569,3.00000000000002));
#3015=CARTESIAN_POINT('',(-2.72048262148484,2.9444608974657,3.00000000000002));
#3016=CARTESIAN_POINT('',(10.444072221418,2.94446089746575,3.00000000000002));
#3017=CARTESIAN_POINT('',(-4.50799941369521,2.94446089746569,3.00000000000002));
#3018=CARTESIAN_POINT('',(-2.72048262148484,2.9444608974657,3.00000000000002));
#3019=CARTESIAN_POINT('Origin',(21.7795173785716,19.4445458340321,3.00000000000002));
#3020=CARTESIAN_POINT('Origin',(21.7795173785716,19.4445458340321,3.00000000000002));
#3021=CARTESIAN_POINT('Origin',(-2.72048262148484,2.9444608974657,3.00000000000002));
#3022=CARTESIAN_POINT('',(-2.72048262148484,12.7842477601632,3.00000000000002));
#3023=CARTESIAN_POINT('Origin',(21.7795173785148,37.9444608974658,3.44169137633799E-14));
#3024=CARTESIAN_POINT('',(40.779517378515,32.1444608974657,1.8333734814902E-14));
#3025=CARTESIAN_POINT('',(-2.02698262148487,32.1444608974656,-6.52540443313683E-15));
#3026=CARTESIAN_POINT('',(40.7795173785149,43.9444608974657,2.22044604925031E-14));
#3027=CARTESIAN_POINT('',(40.779517378515,25.4444608974658,-9.1981834844951E-15));
#3028=CARTESIAN_POINT('',(2.77951737851494,43.9444608974656,2.88657986402541E-14));
#3029=CARTESIAN_POINT('',(32.626267378515,43.9444608974657,-7.51797666163479E-15));
#3030=CARTESIAN_POINT('',(2.779517378515,32.1444608974657,2.4995072962653E-14));
#3031=CARTESIAN_POINT('',(2.779517378515,31.4444608974656,-2.31019269497845E-15));
#3032=CARTESIAN_POINT('',(-2.02698262148487,32.1444608974656,-6.52540443313683E-15));
#3033=CARTESIAN_POINT('',(2.47951737851486,31.9444608974657,3.5527136788005E-14));
#3034=CARTESIAN_POINT('',(2.47951737851483,37.9444608974657,3.88578058618805E-14));
#3035=CARTESIAN_POINT('',(41.1795173785149,31.9444608974658,3.10862446895044E-14));
#3036=CARTESIAN_POINT('',(40.7795173785149,31.9444608974658,3.10862446895044E-14));
#3037=CARTESIAN_POINT('',(41.1795173785148,43.9444608974659,3.33066907387547E-14));
#3038=CARTESIAN_POINT('',(9.87951737851482,40.2044609254075,3.77475828372553E-14));
#3039=CARTESIAN_POINT('',(9.87951737851484,34.6244609254075,3.66373598126302E-14));
#3040=CARTESIAN_POINT('',(9.87951737851484,36.2844609114366,3.66373598126302E-14));
#3041=CARTESIAN_POINT('',(32.2595173785148,40.2044609254076,3.44169137633799E-14));
#3042=CARTESIAN_POINT('',(15.8295173785148,40.2044609254075,3.77475828372553E-14));
#3043=CARTESIAN_POINT('',(32.2595173785148,34.6244609254076,3.33066907387547E-14));
#3044=CARTESIAN_POINT('',(32.2595173785148,39.0744609114367,3.44169137633799E-14));
#3045=CARTESIAN_POINT('',(27.0195173785148,34.6244609254075,3.44169137633799E-14));
#3046=CARTESIAN_POINT('Origin',(2.47951737851486,31.9444608974657,3.5527136788005E-14));
#3047=CARTESIAN_POINT('',(2.4795173785148,44.2444608974657,-1.99999999999996));
#3048=CARTESIAN_POINT('',(2.4795173785148,44.2444608974657,3.99680288865056E-14));
#3049=CARTESIAN_POINT('',(2.47951737851486,31.9444608974657,-1.99999999999996));
#3050=CARTESIAN_POINT('',(2.47951737851483,37.9444608974657,-1.99999999999996));
#3051=CARTESIAN_POINT('',(2.47951737851486,31.9444608974657,3.5527136788005E-14));
#3052=CARTESIAN_POINT('Origin',(2.7795173785148,44.2444608974657,3.99680288865056E-14));
#3053=CARTESIAN_POINT('',(41.1795173785148,44.2444608974659,-1.99999999999997));
#3054=CARTESIAN_POINT('',(41.1795173785148,44.2444608974659,3.33066907387547E-14));
#3055=CARTESIAN_POINT('',(21.7795173785148,44.2444608974658,-1.99999999999996));
#3056=CARTESIAN_POINT('Origin',(41.1795173785148,43.9444608974659,3.33066907387547E-14));
#3057=CARTESIAN_POINT('',(41.1795173785149,31.9444608974658,-1.99999999999997));
#3058=CARTESIAN_POINT('',(41.1795173785149,31.9444608974658,3.10862446895044E-14));
#3059=CARTESIAN_POINT('',(41.1795173785148,37.9444608974659,-1.99999999999997));
#3060=CARTESIAN_POINT('Origin',(32.2595173785148,40.2044609254076,3.55174662894788E-14));
#3061=CARTESIAN_POINT('',(9.87951737851482,40.2044609254075,-1.99999999999996));
#3062=CARTESIAN_POINT('',(9.87951737851482,40.2044609254075,3.77475828372553E-14));
#3063=CARTESIAN_POINT('',(32.2595173785148,40.2044609254076,-1.99999999999997));
#3064=CARTESIAN_POINT('',(15.8295173785148,40.2044609254075,-1.99999999999996));
#3065=CARTESIAN_POINT('',(32.2595173785148,40.2044609254076,3.44169137633799E-14));
#3066=CARTESIAN_POINT('Origin',(32.2595173785148,34.6244609254076,3.31507509490514E-14));
#3067=CARTESIAN_POINT('',(32.2595173785148,34.6244609254076,-1.99999999999997));
#3068=CARTESIAN_POINT('',(32.2595173785148,39.0744609114367,-1.99999999999997));
#3069=CARTESIAN_POINT('',(32.2595173785148,34.6244609254076,3.33066907387547E-14));
#3070=CARTESIAN_POINT('Origin',(9.87951737851484,34.6244609254075,3.67434017505308E-14));
#3071=CARTESIAN_POINT('',(9.87951737851484,34.6244609254075,-1.99999999999996));
#3072=CARTESIAN_POINT('',(27.0195173785148,34.6244609254075,-1.99999999999997));
#3073=CARTESIAN_POINT('',(9.87951737851484,34.6244609254075,3.66373598126302E-14));
#3074=CARTESIAN_POINT('Origin',(9.87951737851482,40.2044609254075,3.77527212205941E-14));
#3075=CARTESIAN_POINT('',(9.87951737851484,36.2844609114366,-1.99999999999996));
#3076=CARTESIAN_POINT('Origin',(40.7795173785149,31.9444608974658,3.07277367273272E-14));
#3077=CARTESIAN_POINT('',(40.7795173785149,31.9444608974658,-1.99999999999997));
#3078=CARTESIAN_POINT('Origin',(21.7795173785148,37.9444608974658,-1.99999999999997));
#3079=CARTESIAN_POINT('Origin',(2.779517378515,32.1444608974657,2.00000000000003));
#3080=CARTESIAN_POINT('',(2.779517378515,32.1444608974657,3.00000000000002));
#3081=CARTESIAN_POINT('',(40.779517378515,32.1444608974657,3.00000000000002));
#3082=CARTESIAN_POINT('',(12.6845806175231,32.1444608974657,3.00000000000002));
#3083=CARTESIAN_POINT('',(2.779517378515,32.1444608974657,4.00000000000002));
#3084=CARTESIAN_POINT('',(2.779517378515,32.1444608974657,2.00000000000002));
#3085=CARTESIAN_POINT('',(40.779517378515,32.1444608974657,4.00000000000002));
#3086=CARTESIAN_POINT('',(10.8762673785151,32.1444608974657,4.00000000000002));
#3087=CARTESIAN_POINT('',(40.779517378515,32.1444608974657,2.00000000000002));
#3088=CARTESIAN_POINT('Origin',(21.779517378515,37.9444608974657,4.00000000000002));
#3089=CARTESIAN_POINT('',(2.77951737851498,36.9444608974657,3.99999999999999));
#3090=CARTESIAN_POINT('',(2.77951737851497,37.9444608974656,4.00000000000003));
#3091=CARTESIAN_POINT('',(40.779517378515,36.9444608974657,3.99999999999999));
#3092=CARTESIAN_POINT('',(36.376267378515,36.9444608974657,4.00000000000002));
#3093=CARTESIAN_POINT('',(40.779517378515,37.9444608974657,4.00000000000002));
#3094=CARTESIAN_POINT('Origin',(50.9730173785151,36.9444608974657,-1.090354665275E-14));
#3095=CARTESIAN_POINT('',(40.779517378515,36.9444608974657,1.99999999999999));
#3096=CARTESIAN_POINT('',(36.3762673785151,36.9444608974657,1.99999999999999));
#3097=CARTESIAN_POINT('',(40.779517378515,36.9444608974657,1.00000000000001));
#3098=CARTESIAN_POINT('',(2.77951737851498,36.9444608974657,1.99999999999999));
#3099=CARTESIAN_POINT('',(2.77951737851498,36.9444608974657,1.00000000000001));
#3100=CARTESIAN_POINT('',(36.3762673785151,36.9444608974657,1.99999999999999));
#3101=CARTESIAN_POINT('Origin',(-0.0269826214848745,32.1444608974657,-1.66533453693773E-15));
#3102=CARTESIAN_POINT('',(2.779517378515,32.1444608974657,1.29541218234227E-14));
#3103=CARTESIAN_POINT('',(-6.78816566235372,32.1444608974657,2.99999999999999));
#3104=CARTESIAN_POINT('',(12.6845806175231,32.1444608974657,3.00000000000002));
#3105=CARTESIAN_POINT('',(-6.78816566235372,32.1444608974656,14.));
#3106=CARTESIAN_POINT('Origin',(-0.0269826214848745,32.1444608974657,-1.66533453693773E-15));
#3107=CARTESIAN_POINT('',(40.779517378515,32.1444608974657,2.64270756014581E-15));
#3108=CARTESIAN_POINT('',(48.9730173785151,32.1444608974657,2.99999999999999));
#3109=CARTESIAN_POINT('',(48.9730173785151,32.1444608974657,-6.11678808065816E-15));
#3110=CARTESIAN_POINT('',(12.6845806175231,32.1444608974657,3.00000000000002));
#3111=CARTESIAN_POINT('Origin',(40.779517378515,31.9444608974657,1.82768286208209E-14));
#3112=CARTESIAN_POINT('',(40.7795173785149,43.9444608974657,2.00000000000002));
#3113=CARTESIAN_POINT('',(40.779517378515,38.0786957757939,1.99999999999999));
#3114=CARTESIAN_POINT('',(40.7795173785149,43.9444608974657,2.22044604925031E-14));
#3115=CARTESIAN_POINT('Origin',(2.77951737851494,43.9444608974656,2.83525384134356E-14));
#3116=CARTESIAN_POINT('',(2.77951737851494,43.9444608974656,2.00000000000003));
#3117=CARTESIAN_POINT('',(2.77951737851494,43.9444608974656,2.88657986402541E-14));
#3118=CARTESIAN_POINT('',(2.77951737851494,44.0786957757937,1.99999999999999));
#3119=CARTESIAN_POINT('Origin',(40.7795173785149,43.9444608974657,2.31425351701641E-14));
#3120=CARTESIAN_POINT('',(31.279517378515,43.9444608974657,1.99999999999999));
#3121=CARTESIAN_POINT('Origin',(-6.78816566235373,33.9444608974656,2.99999999999999));
#3122=CARTESIAN_POINT('',(-6.78816566235372,26.6315458340676,3.00000000000002));
#3123=CARTESIAN_POINT('Origin',(5.69489702167214,-8.33120962064989,0.799999999999994));
#3124=CARTESIAN_POINT('',(10.6638627204309,-11.0954643414744,0.799999999999994));
#3125=CARTESIAN_POINT('',(0.888920063702594,-5.4518985672992,0.799999999999994));
#3126=CARTESIAN_POINT('Origin',(21.7795173785151,19.4445458340676,0.799999999999994));
#3127=CARTESIAN_POINT('',(21.7795173785151,19.4445458340676,0.799999999999994));
#3128=CARTESIAN_POINT('',(21.7795173785151,19.4445458340676,0.799999999999994));
#3129=CARTESIAN_POINT('Origin',(1.18662420327604,-5.09710858943238,-6.52540443313683E-15));
#3130=CARTESIAN_POINT('',(0.567526258859319,-5.8349207888587,0.299999999999994));
#3131=CARTESIAN_POINT('Origin',(0.888920063702594,-5.4518985672992,0.299999999999994));
#3132=CARTESIAN_POINT('',(0.567526258859319,-5.8349207888587,-6.52540443313683E-15));
#3133=CARTESIAN_POINT('Origin',(37.8641377353581,-8.33120962064988,0.799999999999994));
#3134=CARTESIAN_POINT('',(42.6701146933277,-5.45189856729919,0.799999999999994));
#3135=CARTESIAN_POINT('',(32.8951720365994,-11.0954643414744,0.799999999999994));
#3136=CARTESIAN_POINT('Origin',(21.7795173785151,19.4445458340676,0.799999999999994));
#3137=CARTESIAN_POINT('',(21.7795173785151,19.4445458340676,0.799999999999994));
#3138=CARTESIAN_POINT('',(21.7795173785151,19.4445458340676,0.799999999999994));
#3139=CARTESIAN_POINT('Origin',(32.7367669725453,-10.6602500048586,-6.52540443313683E-15));
#3140=CARTESIAN_POINT('',(33.0661821082622,-11.5653106518674,0.299999999999994));
#3141=CARTESIAN_POINT('Origin',(32.8951720365994,-11.0954643414744,0.299999999999994));
#3142=CARTESIAN_POINT('',(33.0661821082622,-11.5653106518674,-6.52540443313683E-15));
#3143=CARTESIAN_POINT('Origin',(21.7795173785151,19.4445458340676,-6.52540443313683E-15));
#3144=CARTESIAN_POINT('',(10.4928526487681,-11.5653106518674,0.299999999999994));
#3145=CARTESIAN_POINT('Origin',(21.7795173785151,19.4445458340676,0.299999999999994));
#3146=CARTESIAN_POINT('',(10.4928526487681,-11.5653106518674,-6.52540443313683E-15));
#3147=CARTESIAN_POINT('Origin',(10.4928526487681,-11.5653106518674,-6.52540443313683E-15));
#3148=CARTESIAN_POINT('Origin',(10.6638627204309,-11.0954643414744,0.299999999999994));
#3149=CARTESIAN_POINT('Origin',(21.7795173785151,19.4445458340676,0.299999999999994));
#3150=CARTESIAN_POINT('Origin',(21.7795173785151,19.4445458340676,-6.52540443313683E-15));
#3151=CARTESIAN_POINT('',(42.991508498171,-5.83492078885868,0.299999999999994));
#3152=CARTESIAN_POINT('Origin',(21.7795173785151,19.4445458340676,0.299999999999994));
#3153=CARTESIAN_POINT('',(42.991508498171,-5.83492078885868,-6.52540443313683E-15));
#3154=CARTESIAN_POINT('Origin',(42.991508498171,-5.83492078885868,-6.52540443313683E-15));
#3155=CARTESIAN_POINT('Origin',(42.6701146933277,-5.45189856729918,0.299999999999994));
#3156=CARTESIAN_POINT('Origin',(21.7795173785151,19.4445458340676,0.299999999999994));
#3157=CARTESIAN_POINT('Origin',(39.4465800692709,-3.26723464169896,-2.50000000000001));
#3158=CARTESIAN_POINT('',(32.746717898409,-12.7769994769908,-2.50000000000004));
#3159=CARTESIAN_POINT('',(32.746717898409,1.94446089746574,-2.50000000000001));
#3160=CARTESIAN_POINT('',(32.746717898409,-12.7769994769908,-2.50000000000001));
#3161=CARTESIAN_POINT('',(55.8163719552257,1.94446089746573,-2.50000000000001));
#3162=CARTESIAN_POINT('',(55.8163719552257,1.94446089746574,-2.50000000000001));
#3163=CARTESIAN_POINT('',(55.8163719552257,-80.5554541659324,-2.50000000000004));
#3164=CARTESIAN_POINT('',(55.8163719552257,-80.5554541659324,-2.50000000000004));
#3165=CARTESIAN_POINT('',(55.8163719552257,-80.5554541659324,-2.50000000000004));
#3166=CARTESIAN_POINT('Origin',(32.746717898409,-8.47893018086366,-6.52540443313683E-15));
#3167=CARTESIAN_POINT('',(32.746717898409,1.94446089746574,-6.52540443313683E-15));
#3168=CARTESIAN_POINT('',(32.746717898409,-12.7769994769908,-0.500000000000044));
#3169=CARTESIAN_POINT('Origin',(32.746717898409,1.94446089746574,-6.52540443313683E-15));
#3170=CARTESIAN_POINT('',(23.4730173785151,1.94446089746572,2.99999999999999));
#3171=CARTESIAN_POINT('',(55.8163719552257,1.94446089746573,-0.250000000000025));
#3172=CARTESIAN_POINT('Origin',(55.8163719552257,-80.5554541659324,-0.500000000000044));
#3173=CARTESIAN_POINT('',(55.8163719552257,-80.5554541659324,-0.500000000000044));
#3174=CARTESIAN_POINT('Origin',(55.8163719552257,19.4445458340676,-0.500000000000044));
#3175=CARTESIAN_POINT('Origin',(21.7795173785151,19.4445458340676,0.299999999999994));
#3176=CARTESIAN_POINT('',(33.0661821082622,50.4544023200026,0.299999999999994));
#3177=CARTESIAN_POINT('',(32.8951720365994,49.9845560096096,0.799999999999994));
#3178=CARTESIAN_POINT('Origin',(32.8951720365993,49.9845560096096,0.299999999999994));
#3179=CARTESIAN_POINT('',(42.6701146933276,44.3409902354344,0.799999999999994));
#3180=CARTESIAN_POINT('Origin',(21.7795173785151,19.4445458340676,0.799999999999994));
#3181=CARTESIAN_POINT('',(42.9915084981709,44.7240124569939,0.299999999999994));
#3182=CARTESIAN_POINT('Origin',(42.6701146933276,44.3409902354344,0.299999999999994));
#3183=CARTESIAN_POINT('Origin',(21.7795173785151,19.4445458340676,0.299999999999994));
#3184=CARTESIAN_POINT('Origin',(37.8641377353581,47.2203012887851,0.799999999999994));
#3185=CARTESIAN_POINT('',(21.7795173785151,19.4445458340676,0.799999999999994));
#3186=CARTESIAN_POINT('',(21.7795173785151,19.4445458340676,0.799999999999994));
#3187=CARTESIAN_POINT('Origin',(33.0661821082622,50.4544023200026,-6.52540443313683E-15));
#3188=CARTESIAN_POINT('',(33.0661821082622,50.4544023200026,-6.52540443313683E-15));
#3189=CARTESIAN_POINT('Origin',(21.7795173785151,19.4445458340676,0.299999999999994));
#3190=CARTESIAN_POINT('',(54.278173227918,25.1749356970763,0.299999999999994));
#3191=CARTESIAN_POINT('Origin',(53.7857693514119,25.0881116082428,0.299999999999994));
#3192=CARTESIAN_POINT('',(54.278173227918,13.7141559710589,0.299999999999994));
#3193=CARTESIAN_POINT('Origin',(53.7857693514119,13.8009800598924,0.299999999999994));
#3194=CARTESIAN_POINT('Origin',(21.7795173785151,19.4445458340676,0.299999999999994));
#3195=CARTESIAN_POINT('Origin',(54.278173227918,25.1749356970763,-6.52540443313683E-15));
#3196=CARTESIAN_POINT('',(54.278173227918,25.1749356970763,-6.52540443313683E-15));
#3197=CARTESIAN_POINT('Origin',(21.7795173785151,19.4445458340676,0.299999999999994));
#3198=CARTESIAN_POINT('',(-10.7191384708877,13.7141559710589,0.299999999999994));
#3199=CARTESIAN_POINT('',(-10.2267345943816,13.8009800598923,0.799999999999994));
#3200=CARTESIAN_POINT('Origin',(-10.2267345943816,13.8009800598923,0.299999999999994));
#3201=CARTESIAN_POINT('',(-10.2267345943816,25.0881116082428,0.799999999999994));
#3202=CARTESIAN_POINT('Origin',(21.7795173785151,19.4445458340676,0.799999999999994));
#3203=CARTESIAN_POINT('',(-10.7191384708878,25.1749356970763,0.299999999999994));
#3204=CARTESIAN_POINT('Origin',(-10.2267345943816,25.0881116082428,0.299999999999994));
#3205=CARTESIAN_POINT('Origin',(21.7795173785151,19.4445458340676,0.299999999999994));
#3206=CARTESIAN_POINT('Origin',(-10.4955540061195,19.4445458340676,0.799999999999994));
#3207=CARTESIAN_POINT('',(21.7795173785151,19.4445458340676,0.799999999999994));
#3208=CARTESIAN_POINT('',(21.7795173785151,19.4445458340676,0.799999999999994));
#3209=CARTESIAN_POINT('Origin',(-10.7191384708877,13.7141559710589,-6.52540443313683E-15));
#3210=CARTESIAN_POINT('',(-10.7191384708877,13.7141559710589,-6.52540443313683E-15));
#3211=CARTESIAN_POINT('',(-10.7191384708877,13.7141559710589,-6.52540443313683E-15));
#3212=CARTESIAN_POINT('',(21.7795173785151,19.4445458340676,-6.52540443313683E-15));
#3213=CARTESIAN_POINT('Origin',(21.7795173785151,19.4445458340676,0.299999999999994));
#3214=CARTESIAN_POINT('',(0.567526258859323,44.7240124569939,0.299999999999994));
#3215=CARTESIAN_POINT('',(0.888920063702594,44.3409902354344,0.799999999999994));
#3216=CARTESIAN_POINT('Origin',(0.888920063702594,44.3409902354344,0.299999999999994));
#3217=CARTESIAN_POINT('',(10.6638627204309,49.9845560096096,0.799999999999994));
#3218=CARTESIAN_POINT('Origin',(21.7795173785151,19.4445458340676,0.799999999999994));
#3219=CARTESIAN_POINT('',(10.492852648768,50.4544023200026,0.299999999999994));
#3220=CARTESIAN_POINT('Origin',(10.6638627204309,49.9845560096096,0.299999999999994));
#3221=CARTESIAN_POINT('Origin',(21.7795173785151,19.4445458340676,0.299999999999994));
#3222=CARTESIAN_POINT('Origin',(5.69489702167214,47.2203012887851,0.799999999999994));
#3223=CARTESIAN_POINT('',(21.7795173785151,19.4445458340676,0.799999999999994));
#3224=CARTESIAN_POINT('',(21.7795173785151,19.4445458340676,0.799999999999994));
#3225=CARTESIAN_POINT('Origin',(0.567526258859323,44.7240124569939,-6.52540443313683E-15));
#3226=CARTESIAN_POINT('',(0.567526258859323,44.7240124569939,-6.52540443313683E-15));
#3227=CARTESIAN_POINT('Origin',(42.3724105537542,43.9862002575676,-6.52540443313683E-15));
#3228=CARTESIAN_POINT('',(42.9915084981709,44.7240124569939,-6.52540443313683E-15));
#3229=CARTESIAN_POINT('Origin',(21.7795173785151,19.4445458340676,-6.52540443313683E-15));
#3230=CARTESIAN_POINT('Origin',(10.822267784485,49.5493416729938,-6.52540443313683E-15));
#3231=CARTESIAN_POINT('',(10.492852648768,50.4544023200026,-6.52540443313683E-15));
#3232=CARTESIAN_POINT('Origin',(21.7795173785151,19.4445458340676,-6.52540443313683E-15));
#3233=CARTESIAN_POINT('Origin',(53.3296601477844,13.8814044186413,-6.52540443313683E-15));
#3234=CARTESIAN_POINT('',(54.278173227918,13.7141559710589,-6.52540443313683E-15));
#3235=CARTESIAN_POINT('Origin',(21.7795173785151,19.4445458340676,-6.52540443313683E-15));
#3236=CARTESIAN_POINT('Origin',(-9.77062539075412,25.0076872494938,-6.52540443313683E-15));
#3237=CARTESIAN_POINT('',(-10.7191384708878,25.1749356970763,-6.52540443313683E-15));
#3238=CARTESIAN_POINT('',(21.7795173785151,19.4445458340676,-6.52540443313683E-15));
#3239=CARTESIAN_POINT('',(-10.7191384708878,25.1749356970763,-6.52540443313683E-15));
#3240=CARTESIAN_POINT('Origin',(21.7795173785151,19.4445458340676,-6.52540443313683E-15));
#3241=CARTESIAN_POINT('Origin',(21.7795173785151,19.4445458340676,-6.52540443313683E-15));
#3242=CARTESIAN_POINT('Origin',(50.9730173785151,1.94446089746574,-1.13031975281058E-14));
#3243=CARTESIAN_POINT('Origin',(21.7795173785151,44.2129306541219,1.99999999999999));
#3244=CARTESIAN_POINT('Origin',(25.3961438565312,19.3186307706695,3.00000000000002));
#3245=CARTESIAN_POINT('',(48.9730173785151,33.9444608974657,2.99999999999999));
#3246=CARTESIAN_POINT('',(-7.41398262148487,27.4444608974657,2.99999999999999));
#3247=CARTESIAN_POINT('Origin',(48.9730173785151,33.9444608974657,-1.05682416243786E-14));
#3248=CARTESIAN_POINT('Origin',(-7.41398262148486,6.24986474965695,-6.61315181511931E-15));
#3249=CARTESIAN_POINT('',(-7.41398262148488,32.6392269184782,-6.61315181511931E-15));
#3250=CARTESIAN_POINT('Origin',(-8.83565990984018,19.4445458340676,-6.52540443313683E-15));
#3251=CARTESIAN_POINT('',(0.,0.,0.));
#3252=UNCERTAINTY_MEASURE_WITH_UNIT(LENGTH_MEASURE(0.01),#3258,
'DISTANCE_ACCURACY_VALUE',
'Maximum model space distance between geometric entities at asserted c
onnectivities');
#3253=UNCERTAINTY_MEASURE_WITH_UNIT(LENGTH_MEASURE(0.01),#3258,
'DISTANCE_ACCURACY_VALUE',
'Maximum model space distance between geometric entities at asserted c
onnectivities');
#3254=UNCERTAINTY_MEASURE_WITH_UNIT(LENGTH_MEASURE(0.01),#3258,
'DISTANCE_ACCURACY_VALUE',
'Maximum model space distance between geometric entities at asserted c
onnectivities');
#3255=(
GEOMETRIC_REPRESENTATION_CONTEXT(3)
GLOBAL_UNCERTAINTY_ASSIGNED_CONTEXT((#3252))
GLOBAL_UNIT_ASSIGNED_CONTEXT((#3258,#3260,#3261))
REPRESENTATION_CONTEXT('','3D')
);
#3256=(
GEOMETRIC_REPRESENTATION_CONTEXT(3)
GLOBAL_UNCERTAINTY_ASSIGNED_CONTEXT((#3253))
GLOBAL_UNIT_ASSIGNED_CONTEXT((#3258,#3260,#3261))
REPRESENTATION_CONTEXT('','3D')
);
#3257=(
GEOMETRIC_REPRESENTATION_CONTEXT(3)
GLOBAL_UNCERTAINTY_ASSIGNED_CONTEXT((#3254))
GLOBAL_UNIT_ASSIGNED_CONTEXT((#3258,#3260,#3261))
REPRESENTATION_CONTEXT('','3D')
);
#3258=(
LENGTH_UNIT()
NAMED_UNIT(*)
SI_UNIT(.MILLI.,.METRE.)
);
#3259=(
LENGTH_UNIT()
NAMED_UNIT(*)
SI_UNIT($,.METRE.)
);
#3260=(
NAMED_UNIT(*)
PLANE_ANGLE_UNIT()
SI_UNIT($,.RADIAN.)
);
#3261=(
NAMED_UNIT(*)
SI_UNIT($,.STERADIAN.)
SOLID_ANGLE_UNIT()
);
#3262=SHAPE_DEFINITION_REPRESENTATION(#3264,#3267);
#3263=SHAPE_DEFINITION_REPRESENTATION(#3265,#3268);
#3264=PRODUCT_DEFINITION_SHAPE('',$,#3270);
#3265=PRODUCT_DEFINITION_SHAPE('',$,#3271);
#3266=PRODUCT_DEFINITION_SHAPE($,$,#14);
#3267=SHAPE_REPRESENTATION('',(#1951,#2130),#3255);
#3268=SHAPE_REPRESENTATION('',(#1952),#3256);
#3269=PRODUCT_DEFINITION_CONTEXT('part definition',#3277,'design');
#3270=PRODUCT_DEFINITION('angle caliper','angle caliper v13',#3272,#3269);
#3271=PRODUCT_DEFINITION('bottom cover ','bottom cover ',#3273,#3269);
#3272=PRODUCT_DEFINITION_FORMATION('',$,#3279);
#3273=PRODUCT_DEFINITION_FORMATION('',$,#3280);
#3274=PRODUCT_RELATED_PRODUCT_CATEGORY('angle caliper v13',
'angle caliper v13',(#3279));
#3275=PRODUCT_RELATED_PRODUCT_CATEGORY('bottom cover ','bottom cover ',
(#3280));
#3276=APPLICATION_PROTOCOL_DEFINITION('international standard',
'automotive_design',2009,#3277);
#3277=APPLICATION_CONTEXT(
'Core Data for Automotive Mechanical Design Process');
#3278=PRODUCT_CONTEXT('part definition',#3277,'mechanical');
#3279=PRODUCT('angle caliper','angle caliper v13',$,(#3278));
#3280=PRODUCT('bottom cover ','bottom cover ',$,(#3278));
#3281=PRESENTATION_STYLE_ASSIGNMENT((#3285));
#3282=PRESENTATION_STYLE_ASSIGNMENT((#3286));
#3283=PRESENTATION_STYLE_ASSIGNMENT((#3287));
#3284=PRESENTATION_STYLE_ASSIGNMENT((#3288));
#3285=SURFACE_STYLE_USAGE(.BOTH.,#3289);
#3286=SURFACE_STYLE_USAGE(.BOTH.,#3290);
#3287=SURFACE_STYLE_USAGE(.BOTH.,#3291);
#3288=SURFACE_STYLE_USAGE(.BOTH.,#3292);
#3289=SURFACE_SIDE_STYLE('',(#3293));
#3290=SURFACE_SIDE_STYLE('',(#3294));
#3291=SURFACE_SIDE_STYLE('',(#3295));
#3292=SURFACE_SIDE_STYLE('',(#3296));
#3293=SURFACE_STYLE_FILL_AREA(#3297);
#3294=SURFACE_STYLE_FILL_AREA(#3298);
#3295=SURFACE_STYLE_FILL_AREA(#3299);
#3296=SURFACE_STYLE_FILL_AREA(#3300);
#3297=FILL_AREA_STYLE('Steel - Satin',(#3301));
#3298=FILL_AREA_STYLE('Aluminum - Polished',(#3302));
#3299=FILL_AREA_STYLE('Paint - Enamel Glossy (Red)',(#3303));
#3300=FILL_AREA_STYLE('Paint - Enamel Glossy (Yellow)',(#3304));
#3301=FILL_AREA_STYLE_COLOUR('Steel - Satin',#3305);
#3302=FILL_AREA_STYLE_COLOUR('Aluminum - Polished',#3306);
#3303=FILL_AREA_STYLE_COLOUR('Paint - Enamel Glossy (Red)',#3307);
#3304=FILL_AREA_STYLE_COLOUR('Paint - Enamel Glossy (Yellow)',#3308);
#3305=COLOUR_RGB('Steel - Satin',0.627450980392157,0.627450980392157,0.627450980392157);
#3306=COLOUR_RGB('Aluminum - Polished',0.96078431372549,0.96078431372549,
0.964705882352941);
#3307=COLOUR_RGB('Paint - Enamel Glossy (Red)',0.768627450980392,0.207843137254902,
0.152941176470588);
#3308=COLOUR_RGB('Paint - Enamel Glossy (Yellow)',0.909803921568627,0.67843137254902,
0.137254901960784);
ENDSEC;
END-ISO-10303-21;
